Workbook
Name CH4_Ar4_to_AR5: #REF!
Name gal_per_barrel: [1]About!$A$75
Name gal_per_barrel: #REF!
Name HHV_Adjust: [2]About!$A$211
Name IQ_CH: 110000
Name IQ_CQ: 5000
Name IQ_CY: 10000
Name IQ_DAILY: 500000
Name IQ_FH: 100000
Name IQ_FQ: 500
Name IQ_FY: 1000
Name IQ_LTM: 2000
Name IQ_MONTH: 15000
Name IQ_NTM: 6000
Name IQ_WEEK: 50000
Name IQ_YTD: 3000
Name metricton_to_shortton: #REF!
Name million: #REF!
Name N2O_AR4_to_AR5: #REF!
Name quadrillion: [2]About!$A$227
Name shorttons_to_grams: [2]About!$A$226
Name trillion: [2]About!$A$228
Name use_lifecycle_biofuel_EIs: [2]About!$A$97

Sheet About
A1: BPoEFUbVT BAU Perc of Each Fuel Used by Veh Technology | B1: Michigan | C1: 46209 | F1: Alabama | G1: AL
B2: =LOOKUP(B1,F1:G50,G1:G50) -> MI | F2: Alaska | G2: AK
A3: Sources: | B3: most vehicles and fuels | F3: Arizona | G3: AZ
B4: EIA | F4: Arkansas | G4: AR
B5: 2021, 2022 | F5: California | G5: CA
B6: Annual Energy Outlook 2021, 2022 | F6: Colorado | G6: CO
B7: https://www.eia.gov/outlooks/aeo/index.php | F7: Connecticut | G7: CT
B8: Table 36 | F8: Delaware | G8: DE
F9: Florida | G9: FL
B10: biodiesel | F10: Georgia | G10: GA
B11: EIA | F11: Hawaii | G11: HI
B12: 2021, 2022 | F12: Idaho | G12: ID
B13: Annual Energy Outlook 2021, 2022 | F13: Illinois | G13: IL
B14: https://www.eia.gov/outlooks/aeo/index.php | F14: Indiana | G14: IN
B15: Table 17 | F15: Iowa | G15: IA
F16: Kansas | G16: KS
B17: fraction of electricity used by plug-in hybrids | F17: Kentucky | G17: KY
B18: DoE Alternative Fuels Data Center | F18: Louisiana | G18: LA
B19: year unspecified | F19: Maine | G19: ME
B20: Hybrid and Plug-In Electric Vehicle Emissions Data Sources and Assumptions | F20: Maryland | G20: MD
B21: https://www.afdc.energy.gov/vehicles/electric_emissions_sources.html | F21: Massachusetts | G21: MA
B22: Second-to-last parameter in the table | F22: Michigan | G22: MI
F23: Minnesota | G23: MN
B24: Percent ethanol | F24: Mississippi | G24: MS
B25: EIA | F25: Missouri | G25: MO
B26: 2020 | F26: Montana | G26: MT
B27: Monthly Energy Review, May 2020 | F27: Nebraska | G27: NE
B28: https://www.eia.gov/energyexplained//biofuels/charts/fuel-ethanol-motor-gasoline.csv | F28: Nevada | G28: NV
F29: New Hampshire | G29: NH
F30: New Jersey | G30: NJ
A31: About | F31: New Mexico | G31: NM
A32: We include sheets for all possible vehicle type / cargo type / vehicle technology | F32: New York | G32: NY
A33: combinations that the model supports, even though some combinations are not used | F33: North Carolina | G33: NC
A34: in the U.S. dataset. (For example, there are no freight motorbikes in the U.S. model.) | F34: North Dakota | G34: ND
A35: This is to support adaptation to other countries that may wish to use that vehicle | F35: Ohio | G35: OH
A36: combination. (For example, some countries may wish to represent three-wheeled, | F36: Oklahoma | G36: OK
A37: motorized carts used for urban hauling and commerce as freight motorbikes. | F37: Oregon | G37: OR
A38: Another example: battery electric freight HDVs barely exist today, but the model | F38: Pennsylvania | G38: PA
A39: includes a sheet for them, so it can support them in the future without changing | F39: Rhode Island | G39: RI
A40: the model structure.) | F40: South Carolina | G40: SC
F41: South Dakota | G41: SD
A42: For the U.S., we have the quantity of biodiesel used in the transportation sector, but | F42: Tennessee | G42: TN
A43: not divided by vehicle type. The "Biodiesel Fraction" tab includes calculations to | F43: Texas | G43: TX
A44: apportion this by vehicle type and control levers that allow for certain vehicle types | F44: Utah | G44: UT
A45: to be exempted from biodiesel use. | F45: Vermont | G45: VT
F46: Virginia | G46: VA
A47: We assume that plug-in hybrid LDVs have gasoline engines and plug-in hybrid HDVs | F47: Washington | G47: WA
A48: have diesel engines. The share of electricity used by plug-in hybrids is from the DoE and | F48: West Virginia | G48: WV
A49: is based on a study of passenger LDVs, though we use that value for all plug-in hybrid | F49: Wisconsin | G49: WI
A50: vehicle types here. | F50: Wyoming | G50: WY
A52: We are only concerned with commercial aircraft, not general aviation, so we
A53: disregard the small amount of aviation gasoline used.
A55: No fuel breakdown for passenger motorbikes by technology is explicitly provided,
A56: so we follow passenger LDV breakdowns for each technology.
A57: As noted above, freight motorbikes are not used in the U.S. model, so sheets
A58: for them here contain zeroes.

Sheet 2022seds
A1: Data_Status | B1: MSN | C1: StateCode | D1: Year | E1: Data
A2: 2022F | B2: ABICB | C2: AK | D2: 2022 | E2: -6
A3: 2022F | B3: ABICB | C3: AL | D3: 2022 | E3: -5
A4: 2022F | B4: ABICB | C4: AR | D4: 2022 | E4: -3
A5: 2022F | B5: ABICB | C5: AZ | D5: 2022 | E5: 0
A6: 2022F | B6: ABICB | C6: CA | D6: 2022 | E6: -64
A7: 2022F | B7: ABICB | C7: CO | D7: 2022 | E7: -4
A8: 2022F | B8: ABICB | C8: CT | D8: 2022 | E8: 0
A9: 2022F | B9: ABICB | C9: DC | D9: 2022 | E9: 0
A10: 2022F | B10: ABICB | C10: DE | D10: 2022 | E10: -6
A11: 2022F | B11: ABICB | C11: FL | D11: 2022 | E11: 0
A12: 2022F | B12: ABICB | C12: GA | D12: 2022 | E12: 0
A13: 2022F | B13: ABICB | C13: HI | D13: 2022 | E13: -3
... A40239: 2022F | B40239: ZWHDP | C40239: WY | D40239: 2022 | E40239: 8441

Sheet state specific data
C1: =About!B2 -> MI
D2: 2022
B3: BDACB | C3: biofuel diesel | D3: =SUMIFS('2022seds'!E:E,'2022seds'!D:D,$D$2,'2022seds'!C:C,$C$1,'2022seds'!B:B,B3) -> 3606
B4: EMACB | C4: biofuel gasoline | D4: =SUMIFS('2022seds'!E:E,'2022seds'!D:D,$D$2,'2022seds'!C:C,$C$1,'2022seds'!B:B,B4) -> 34472
B5: DFACB | C5: petroleum diesel | D5: =SUMIFS('2022seds'!E:E,'2022seds'!D:D,$D$2,'2022seds'!C:C,$C$1,'2022seds'!B:B,B5) -> 129102
B6: MGACB | C6: petroleum gasoline | D6: =SUMIFS('2022seds'!E:E,'2022seds'!D:D,$D$2,'2022seds'!C:C,$C$1,'2022seds'!B:B,B6) -> 495873
C8: percent biodiesel | D8: =D3/SUM(D3,D5) -> 0.027172439
C9: percent biogas | D9: =D4/SUM(D4,D6) -> 0.064999199

Sheet EIA-fuel-ethanol-motor-gasoline
A1: U.S. fuel ethanol consumption and percent of total U.S. motor gasoline consumption, 1981-2019
A2: fuel ethanol consumption - billion gallons
A3: fuel ethanol % of motor gasoline consumption
A4: Note: Motor gasoline is finished motor gasoline.
A5: Source: U.S. Energy Information Administration, <em>Monthly Energy Review</em> and <em>Petroleum Supply Monthly</em>, May 2020
B7: consumption | C7: % of gasoline consumption
A8: 1981 | B8: 0.083 | C8: 0.08
A9: 1982 | B9: 0.226 | C9: 0.22
A10: 1983 | B10: 0.415 | C10: 0.41
A11: 1984 | B11: 0.51 | C11: 0.5
A12: 1985 | B12: 0.617 | C12: 0.59
A13: 1986 | B13: 0.712 | C13: 0.66
A14: 1987 | B14: 0.819 | C14: 0.74
A15: 1988 | B15: 0.831 | C15: 0.74
A16: 1989 | B16: 0.843 | C16: 0.75
A17: 1990 | B17: 0.748 | C17: 0.67
A18: 1991 | B18: 0.866 | C18: 0.79
A19: 1992 | B19: 0.985 | C19: 0.88
... A47: 2020 | B47: 12.629 | C47: 10.23

Sheet AEO Table 73
B1: ref2019.d111618a | C1: 2017 | D1: 2018 | E1: 2019 | F1: 2020 | G1: 2021 | H1: 2022 | I1: 2023 | J1: 2024 | K1: 2025 | L1: 2026 | M1: 2027 | N1: 2028 | O1: 2029 | P1: 2030 | Q1: 2031 | R1: 2032 | S1: 2033 | T1: 2034 | U1: 2035 | V1: 2036 | W1: 2037 | X1: 2038 | Y1: 2039 | Z1: 2040 | AA1: 2041 | AB1: 2042 | AC1: 2043 | AD1: 2044 | AE1: 2045 | AF1: 2046 | AG1: 2047 | AH1: 2048 | AI1: 2049 | AJ1: 2050
C3: Report | D3: Annual Energy Outlook 2019
C4: Scenario | D4: ref2019 | G4: Reference case
C5: Datekey | D5: d111618a
C6: Release Date | E6: January 2019
C9: =C32/C35 -> 0.96828263 | F9: =(C33-((1-0.102)*C35))/0.102 -> 3.5983878
A10: CNV000 | B10: 73. Conversion Factors
B11: (from physical units to million Btu)
AK12: 2018-
C13: 2017 | D13: 2018 | E13: 2019 | F13: 2020 | G13: 2021 | H13: 2022 | I13: 2023 | J13: 2024 | K13: 2025 | L13: 2026 | M13: 2027 | N13: 2028 | O13: 2029 | P13: 2030 | Q13: 2031 | R13: 2032 | S13: 2033 | T13: 2034 | U13: 2035 | V13: 2036 | W13: 2037 | X13: 2038 | Y13: 2039 | Z13: 2040 | AA13: 2041 | AB13: 2042 | AC13: 2043 | AD13: 2044 | AE13: 2045 | AF13: 2046 | AG13: 2047 | AH13: 2048 | AI13: 2049 | AJ13: 2050 | AK13: 2050
B14: Petroleum and Other Liquids
B15: (million Btu per barrel)
A16: CNV000:aa_AsphaltandRoa | B16: Asphalt and Road Oil | C16: 6.636 | D16: 6.636 | E16: 6.636 | F16: 6.636 | G16: 6.636 | H16: 6.636 | I16: 6.636 | J16: 6.636 | K16: 6.636 | L16: 6.636 | M16: 6.636 | N16: 6.636 | O16: 6.636 | P16: 6.636 | Q16: 6.636 | R16: 6.636 | S16: 6.636 | T16: 6.636 | U16: 6.636 | V16: 6.636 | W16: 6.636 | X16: 6.636 | Y16: 6.636 | Z16: 6.636 | AA16: 6.636 | AB16: 6.636 | AC16: 6.636 | AD16: 6.636 | AE16: 6.636 | AF16: 6.636 | AG16: 6.636 | AH16: 6.636 | AI16: 6.636 | AJ16: 6.636 | AK16: 0
A17: CNV000:aa_AviationGasol | B17: Aviation Gasoline | C17: 5.048 | D17: 5.048 | E17: 5.048 | F17: 5.048 | G17: 5.048 | H17: 5.048 | I17: 5.048 | J17: 5.048 | K17: 5.048 | L17: 5.048 | M17: 5.048 | N17: 5.048 | O17: 5.048 | P17: 5.048 | Q17: 5.048 | R17: 5.048 | S17: 5.048 | T17: 5.048 | U17: 5.048 | V17: 5.048 | W17: 5.048 | X17: 5.048 | Y17: 5.048 | Z17: 5.048 | AA17: 5.048 | AB17: 5.048 | AC17: 5.048 | AD17: 5.048 | AE17: 5.048 | AF17: 5.048 | AG17: 5.048 | AH17: 5.048 | AI17: 5.048 | AJ17: 5.048 | AK17: 0
A18: CNV000:ea_Biodiesel | B18: Biodiesel | C18: 5.359 | D18: 5.359 | E18: 5.359 | F18: 5.359 | G18: 5.359 | H18: 5.359 | I18: 5.359 | J18: 5.359 | K18: 5.359 | L18: 5.359 | M18: 5.359 | N18: 5.359 | O18: 5.359 | P18: 5.359 | Q18: 5.359 | R18: 5.359 | S18: 5.359 | T18: 5.359 | U18: 5.359 | V18: 5.359 | W18: 5.359 | X18: 5.359 | Y18: 5.359 | Z18: 5.359 | AA18: 5.359 | AB18: 5.359 | AC18: 5.359 | AD18: 5.359 | AE18: 5.359 | AF18: 5.359 | AG18: 5.359 | AH18: 5.359 | AI18: 5.359 | AJ18: 5.359 | AK18: 0
A19: CNV000:aa_Distillate | B19: Distillate Fuel Oil | C19: 5.825 | D19: 5.825 | E19: 5.825 | F19: 5.825 | G19: 5.825 | H19: 5.825 | I19: 5.825 | J19: 5.825 | K19: 5.825 | L19: 5.825 | M19: 5.825 | N19: 5.825 | O19: 5.825 | P19: 5.825 | Q19: 5.825 | R19: 5.825 | S19: 5.825 | T19: 5.825 | U19: 5.825 | V19: 5.825 | W19: 5.825 | X19: 5.825 | Y19: 5.825 | Z19: 5.825 | AA19: 5.825 | AB19: 5.825 | AC19: 5.825 | AD19: 5.825 | AE19: 5.825 | AF19: 5.825 | AG19: 5.825 | AH19: 5.825 | AI19: 5.825 | AJ19: 5.825 | AK19: 0
A20: CNV000:aa_Residential | B20: Residential | C20: 5.774651 | D20: 5.773824 | E20: 5.773629 | F20: 5.772928 | G20: 5.773119 | H20: 5.773727 | I20: 5.772429 | J20: 5.773784 | K20: 5.772606 | L20: 5.773323 | M20: 5.774547 | N20: 5.774744 | O20: 5.773522 | P20: 5.773616 | Q20: 5.773581 | R20: 5.773493 | S20: 5.774485 | T20: 5.773373 | U20: 5.773317 | V20: 5.772994 | W20: 5.773236 | X20: 5.773163 | Y20: 5.773045 | Z20: 5.773002 | AA20: 5.772993 | AB20: 5.772738 | AC20: 5.772945 | AD20: 5.772616 | AE20: 5.772657 | AF20: 5.772504 | AG20: 5.772273 | AH20: 5.772147 | AI20: 5.771948 | AJ20: 5.771775 | AK20: -1.1e-05
A21: CNV000:aa_Commercial | B21: Commercial | C21: 5.774651 | D21: 5.773824 | E21: 5.773629 | F21: 5.772928 | G21: 5.773119 | H21: 5.773727 | I21: 5.772429 | J21: 5.773784 | K21: 5.772606 | L21: 5.773323 | M21: 5.774547 | N21: 5.774744 | O21: 5.773522 | P21: 5.773616 | Q21: 5.773581 | R21: 5.773493 | S21: 5.774485 | T21: 5.773373 | U21: 5.773317 | V21: 5.772994 | W21: 5.773236 | X21: 5.773163 | Y21: 5.773045 | Z21: 5.773002 | AA21: 5.772993 | AB21: 5.772738 | AC21: 5.772945 | AD21: 5.772616 | AE21: 5.772657 | AF21: 5.772504 | AG21: 5.772273 | AH21: 5.772147 | AI21: 5.771948 | AJ21: 5.771775 | AK21: -1.1e-05
A22: CNV000:aa_Transportatio | B22: Transportation | C22: 5.774651 | D22: 5.773824 | E22: 5.773629 | F22: 5.772928 | G22: 5.773119 | H22: 5.773727 | I22: 5.772429 | J22: 5.773784 | K22: 5.772606 | L22: 5.773323 | M22: 5.774547 | N22: 5.774744 | O22: 5.773522 | P22: 5.773616 | Q22: 5.773581 | R22: 5.773493 | S22: 5.774485 | T22: 5.773373 | U22: 5.773317 | V22: 5.772994 | W22: 5.773236 | X22: 5.773163 | Y22: 5.773045 | Z22: 5.773002 | AA22: 5.772993 | AB22: 5.772738 | AC22: 5.772945 | AD22: 5.772616 | AE22: 5.772657 | AF22: 5.772504 | AG22: 5.772273 | AH22: 5.772147 | AI22: 5.771948 | AJ22: 5.771775 | AK22: -1.1e-05
A23: CNV000:aa_Industrial | B23: Industrial | C23: 5.774651 | D23: 5.773824 | E23: 5.773629 | F23: 5.772928 | G23: 5.773119 | H23: 5.773727 | I23: 5.772429 | J23: 5.773784 | K23: 5.772606 | L23: 5.773323 | M23: 5.774547 | N23: 5.774744 | O23: 5.773522 | P23: 5.773616 | Q23: 5.773581 | R23: 5.773493 | S23: 5.774485 | T23: 5.773373 | U23: 5.773317 | V23: 5.772994 | W23: 5.773236 | X23: 5.773163 | Y23: 5.773045 | Z23: 5.773002 | AA23: 5.772993 | AB23: 5.772738 | AC23: 5.772945 | AD23: 5.772616 | AE23: 5.772657 | AF23: 5.772504 | AG23: 5.772273 | AH23: 5.772147 | AI23: 5.771948 | AJ23: 5.771775 | AK23: -1.1e-05
A24: CNV000:aa_ElectricPower | B24: Electric Power | C24: 5.774651 | D24: 5.773824 | E24: 5.773629 | F24: 5.772928 | G24: 5.773119 | H24: 5.773727 | I24: 5.772429 | J24: 5.773784 | K24: 5.772606 | L24: 5.773323 | M24: 5.774547 | N24: 5.774744 | O24: 5.773522 | P24: 5.773616 | Q24: 5.773581 | R24: 5.773493 | S24: 5.774485 | T24: 5.773373 | U24: 5.773317 | V24: 5.772994 | W24: 5.773236 | X24: 5.773163 | Y24: 5.773045 | Z24: 5.773002 | AA24: 5.772993 | AB24: 5.772738 | AC24: 5.772945 | AD24: 5.772616 | AE24: 5.772657 | AF24: 5.772504 | AG24: 5.772273 | AH24: 5.772147 | AI24: 5.771948 | AJ24: 5.771775 | AK24: -1.1e-05
A25: CNV000:aa_TotalDistilla | B25: Total Distillate | C25: 5.774651 | D25: 5.773824 | E25: 5.773628 | F25: 5.772927 | G25: 5.773119 | H25: 5.773727 | I25: 5.772429 | J25: 5.773784 | K25: 5.772606 | L25: 5.773322 | M25: 5.774548 | N25: 5.774744 | O25: 5.773522 | P25: 5.773616 | Q25: 5.77358 | R25: 5.773493 | S25: 5.774485 | T25: 5.773373 | U25: 5.773317 | V25: 5.772994 | W25: 5.773236 | X25: 5.773162 | Y25: 5.773044 | Z25: 5.773002 | AA25: 5.772993 | AB25: 5.772738 | AC25: 5.772945 | AD25: 5.772617 | AE25: 5.772656 | AF25: 5.772504 | AG25: 5.772274 | AH25: 5.772147 | AI25: 5.771948 | AJ25: 5.771775 | AK25: -1.1e-05
A26: CNV000:aa_DistLowSulf | B26: Distillate Fuel Oil - Low Sulfur Diesel | C26: 5.817 | D26: 5.817 | E26: 5.817 | F26: 5.817 | G26: 5.817 | H26: 5.817 | I26: 5.817 | J26: 5.817 | K26: 5.817 | L26: 5.817 | M26: 5.817 | N26: 5.817 | O26: 5.817 | P26: 5.817 | Q26: 5.817 | R26: 5.817 | S26: 5.817 | T26: 5.817 | U26: 5.817 | V26: 5.817 | W26: 5.817 | X26: 5.817 | Y26: 5.817 | Z26: 5.817 | AA26: 5.817 | AB26: 5.817 | AC26: 5.817 | AD26: 5.817 | AE26: 5.817 | AF26: 5.817 | AG26: 5.817 | AH26: 5.817 | AI26: 5.817 | AJ26: 5.817 | AK26: 0
A27: CNV000:aa_DistUltraLow | B27: Distillate Fuel Oil - Ultra Low Sulfur Diesel | C27: 5.77 | D27: 5.77 | E27: 5.77 | F27: 5.77 | G27: 5.77 | H27: 5.77 | I27: 5.77 | J27: 5.77 | K27: 5.77 | L27: 5.77 | M27: 5.77 | N27: 5.77 | O27: 5.77 | P27: 5.77 | Q27: 5.77 | R27: 5.77 | S27: 5.77 | T27: 5.77 | U27: 5.77 | V27: 5.77 | W27: 5.77 | X27: 5.77 | Y27: 5.77 | Z27: 5.77 | AA27: 5.77 | AB27: 5.77 | AC27: 5.77 | AD27: 5.77 | AE27: 5.77 | AF27: 5.77 | AG27: 5.77 | AH27: 5.77 | AI27: 5.77 | AJ27: 5.77 | AK27: 0
... A46: CNV000:aa_Exports | B46: Petroleum Product Exports | C46: 5.151 | D46: 5.274418 | E46: 5.250621 | F46: 5.275748 | G46: 5.243052 | H46: 5.234149 | I46: 5.231354 | J46: 5.245845 | K46: 5.231759 | L46: 5.195461 | M46: 5.187126 | N46: 5.189112 | O46: 5.179728 | P46: 5.182778 | Q46: 5.171607 | R46: 5.172073 | S46: 5.166301 | T46: 5.159403 | U46: 5.153961 | V46: 5.156905 | W46: 5.147167 | X46: 5.14539 | Y46: 5.135945 | Z46: 5.139299 | AA46: 5.137618 | AB46: 5.122315 | AC46: 5.131875 | AD46: 5.13061 | AE46: 5.139469 | AF46: 5.128032 | AG46: 5.124009 | AH46: 5.121249 | AI46: 5.111982 | AJ46: 5.1061 | AK46: -0.001013
B47: Crude Oil
A48: CNV000:aa_CrudeOilProdu | B48: Production | C48: 5.723 | D48: 5.719936 | E48: 5.709374 | F48: 5.702021 | G48: 5.699036 | H48: 5.702903 | I48: 5.701469 | J48: 5.697845 | K48: 5.696569 | L48: 5.695571 | M48: 5.691691 | N48: 5.689583 | O48: 5.687317 | P48: 5.686403 | Q48: 5.685931 | R48: 5.686055 | S48: 5.686259 | T48: 5.685382 | U48: 5.685214 | V48: 5.685896 | W48: 5.686885 | X48: 5.687922 | Y48: 5.69017 | Z48: 5.690964 | AA48: 5.689439 | AB48: 5.688754 | AC48: 5.686469 | AD48: 5.684444 | AE48: 5.683516 | AF48: 5.682888 | AG48: 5.681393 | AH48: 5.679274 | AI48: 5.678185 | AJ48: 5.676202 | AK48: -0.00024
A49: CNV000:aa_CrudeOilImpor | B49: Imports | C49: 6.05 | D49: 6.134721 | E49: 6.118438 | F49: 6.117281 | G49: 6.117947 | H49: 6.10254 | I49: 6.103374 | J49: 6.107163 | K49: 6.106585 | L49: 6.124556 | M49: 6.090179 | N49: 6.118682 | O49: 6.080531 | P49: 6.103808 | Q49: 6.113566 | R49: 6.107624 | S49: 6.084678 | T49: 6.134057 | U49: 6.131942 | V49: 6.08976 | W49: 6.138575 | X49: 6.138392 | Y49: 6.136396 | Z49: 6.138 | AA49: 6.141398 | AB49: 6.105396 | AC49: 6.119062 | AD49: 6.132329 | AE49: 6.140251 | AF49: 6.144131 | AG49: 6.141787 | AH49: 6.139135 | AI49: 6.137544 | AJ49: 6.134161 | AK49: -3e-06
A50: CNV000:aa_CrudeOilExpor | B50: Exports | C50: 5.738 | D50: 5.55477 | E50: 5.557237 | F50: 5.558167 | G50: 5.565951 | H50: 5.562354 | I50: 5.563715 | J50: 5.562271 | K50: 5.566788 | L50: 5.565995 | M50: 5.557513 | N50: 5.560513 | O50: 5.560773 | P50: 5.561747 | Q50: 5.562641 | R50: 5.562265 | S50: 5.569706 | T50: 5.594789 | U50: 5.596409 | V50: 5.603838 | W50: 5.603039 | X50: 5.612446 | Y50: 5.616357 | Z50: 5.622301 | AA50: 5.617278 | AB50: 5.611703 | AC50: 5.598722 | AD50: 5.586086 | AE50: 5.576109 | AF50: 5.561272 | AG50: 5.559134 | AH50: 5.558311 | AI50: 5.558477 | AJ50: 5.558816 | AK50: 2.3e-05
A51: CNV000:aa_NaturalGasPla | B51: Natural Gas Plant Liquids | C51: 3.699432 | D51: 3.680335 | E51: 3.675178 | F51: 3.67226 | G51: 3.661632 | H51: 3.661705 | I51: 3.660451 | J51: 3.65821 | K51: 3.656909 | L51: 3.655905 | M51: 3.655815 | N51: 3.654926 | O51: 3.65379 | P51: 3.654275 | Q51: 3.654194 | R51: 3.65518 | S51: 3.655222 | T51: 3.655784 | U51: 3.655432 | V51: 3.656329 | W51: 3.656425 | X51: 3.65846 | Y51: 3.659478 | Z51: 3.660426 | AA51: 3.659603 | AB51: 3.659032 | AC51: 3.657537 | AD51: 3.655983 | AE51: 3.654918 | AF51: 3.653574 | AG51: 3.651659 | AH51: 3.650127 | AI51: 3.64905 | AJ51: 3.6478 | AK51: -0.000277
B53: Natural Gas (thousand Btu per cubic foot)
A54: CNV000:ba_Consumption | B54: Consumption | C54: 1.037 | D54: 1.037 | E54: 1.037 | F54: 1.037 | G54: 1.037 | H54: 1.037 | I54: 1.037 | J54: 1.037 | K54: 1.037 | L54: 1.037 | M54: 1.037 | N54: 1.037 | O54: 1.037 | P54: 1.037 | Q54: 1.037 | R54: 1.037 | S54: 1.037 | T54: 1.037 | U54: 1.037 | V54: 1.037 | W54: 1.037 | X54: 1.037 | Y54: 1.037 | Z54: 1.037 | AA54: 1.037 | AB54: 1.037 | AC54: 1.037 | AD54: 1.037 | AE54: 1.037 | AF54: 1.037 | AG54: 1.037 | AH54: 1.037 | AI54: 1.037 | AJ54: 1.037 | AK54: 0
A55: CNV000:ba_Utility | B55: Electric Power Sector 2/ | C55: 1.033 | D55: 1.033 | E55: 1.033 | F55: 1.033 | G55: 1.033 | H55: 1.033 | I55: 1.033 | J55: 1.033 | K55: 1.033 | L55: 1.033 | M55: 1.033 | N55: 1.033 | O55: 1.033 | P55: 1.033 | Q55: 1.033 | R55: 1.033 | S55: 1.033 | T55: 1.033 | U55: 1.033 | V55: 1.033 | W55: 1.033 | X55: 1.033 | Y55: 1.033 | Z55: 1.033 | AA55: 1.033 | AB55: 1.033 | AC55: 1.033 | AD55: 1.033 | AE55: 1.033 | AF55: 1.033 | AG55: 1.033 | AH55: 1.033 | AI55: 1.033 | AJ55: 1.033 | AK55: 0
A56: CNV000:ba_Nonutility | B56: End-use Sector | C56: 1.039 | D56: 1.039 | E56: 1.039 | F56: 1.039 | G56: 1.039 | H56: 1.039 | I56: 1.039 | J56: 1.039 | K56: 1.039 | L56: 1.039 | M56: 1.039 | N56: 1.039 | O56: 1.039 | P56: 1.039 | Q56: 1.039 | R56: 1.039 | S56: 1.039 | T56: 1.039 | U56: 1.039 | V56: 1.039 | W56: 1.039 | X56: 1.039 | Y56: 1.039 | Z56: 1.039 | AA56: 1.039 | AB56: 1.039 | AC56: 1.039 | AD56: 1.039 | AE56: 1.039 | AF56: 1.039 | AG56: 1.039 | AH56: 1.039 | AI56: 1.039 | AJ56: 1.039 | AK56: 0
A57: CNV000:ba_Production | B57: Production | C57: 1.037 | D57: 1.037 | E57: 1.037 | F57: 1.037 | G57: 1.037 | H57: 1.037 | I57: 1.037 | J57: 1.037 | K57: 1.037 | L57: 1.037 | M57: 1.037 | N57: 1.037 | O57: 1.037 | P57: 1.037 | Q57: 1.037 | R57: 1.037 | S57: 1.037 | T57: 1.037 | U57: 1.037 | V57: 1.037 | W57: 1.037 | X57: 1.037 | Y57: 1.037 | Z57: 1.037 | AA57: 1.037 | AB57: 1.037 | AC57: 1.037 | AD57: 1.037 | AE57: 1.037 | AF57: 1.037 | AG57: 1.037 | AH57: 1.037 | AI57: 1.037 | AJ57: 1.037 | AK57: 0
A58: CNV000:ba_Imports | B58: Imports | C58: 1.025 | D58: 1.025 | E58: 1.025 | F58: 1.025 | G58: 1.025 | H58: 1.025 | I58: 1.025 | J58: 1.025 | K58: 1.025 | L58: 1.025 | M58: 1.025 | N58: 1.025 | O58: 1.025 | P58: 1.025 | Q58: 1.025 | R58: 1.025 | S58: 1.025 | T58: 1.025 | U58: 1.025 | V58: 1.025 | W58: 1.025 | X58: 1.025 | Y58: 1.025 | Z58: 1.025 | AA58: 1.025 | AB58: 1.025 | AC58: 1.025 | AD58: 1.025 | AE58: 1.025 | AF58: 1.025 | AG58: 1.025 | AH58: 1.025 | AI58: 1.025 | AJ58: 1.025 | AK58: 0
A59: CNV000:ba_Exports | B59: Exports | C59: 1.009 | D59: 1.009 | E59: 1.009 | F59: 1.009 | G59: 1.009 | H59: 1.009 | I59: 1.009 | J59: 1.009 | K59: 1.009 | L59: 1.009 | M59: 1.009 | N59: 1.009 | O59: 1.009 | P59: 1.009 | Q59: 1.009 | R59: 1.009 | S59: 1.009 | T59: 1.009 | U59: 1.009 | V59: 1.009 | W59: 1.009 | X59: 1.009 | Y59: 1.009 | Z59: 1.009 | AA59: 1.009 | AB59: 1.009 | AC59: 1.009 | AD59: 1.009 | AE59: 1.009 | AF59: 1.009 | AG59: 1.009 | AH59: 1.009 | AI59: 1.009 | AJ59: 1.009 | AK59: 0
A60: CNV000:ba_CompressedNat | B60: Compressed/Liquefied Natural Gas | C60: 0.96 | D60: 0.96 | E60: 0.96 | F60: 0.96 | G60: 0.96 | H60: 0.96 | I60: 0.96 | J60: 0.96 | K60: 0.96 | L60: 0.96 | M60: 0.96 | N60: 0.96 | O60: 0.96 | P60: 0.96 | Q60: 0.96 | R60: 0.96 | S60: 0.96 | T60: 0.96 | U60: 0.96 | V60: 0.96 | W60: 0.96 | X60: 0.96 | Y60: 0.96 | Z60: 0.96 | AA60: 0.96 | AB60: 0.96 | AC60: 0.96 | AD60: 0.96 | AE60: 0.96 | AF60: 0.96 | AG60: 0.96 | AH60: 0.96 | AI60: 0.96 | AJ60: 0.96 | AK60: 0
B62: Coal (million Btu per short ton)
A63: CNV000:ca_Production | B63: Production | C63: 20.53714 | D63: 20.439445 | E63: 20.349045 | F63: 20.46627 | G63: 20.363602 | H63: 20.554329 | I63: 20.653105 | J63: 20.626196 | K63: 20.621487 | L63: 20.64123 | M63: 20.627844 | N63: 20.53694 | O63: 20.501505 | P63: 20.413282 | Q63: 20.399071 | R63: 20.458256 | S63: 20.429285 | T63: 20.364529 | U63: 20.373262 | V63: 20.367174 | W63: 20.397617 | X63: 20.405455 | Y63: 20.39472 | Z63: 20.372593 | AA63: 20.382772 | AB63: 20.366734 | AC63: 20.354519 | AD63: 20.35523 | AE63: 20.38698 | AF63: 20.356945 | AG63: 20.336355 | AH63: 20.357395 | AI63: 20.34404 | AJ63: 20.347267 | AK63: -0.000141
A64: CNV000:ca_EastoftheMiss | B64: East of the Mississippi | C64: 25.416302 | D64: 25.057079 | E64: 25.074783 | F64: 25.042177 | G64: 24.938278 | H64: 24.964016 | I64: 24.911818 | J64: 24.91433 | K64: 24.898243 | L64: 24.920572 | M64: 24.903049 | N64: 24.81945 | O64: 24.850803 | P64: 24.769541 | Q64: 24.735579 | R64: 24.729204 | S64: 24.688946 | T64: 24.612101 | U64: 24.600828 | V64: 24.592125 | W64: 24.569109 | X64: 24.53866 | Y64: 24.501373 | Z64: 24.474424 | AA64: 24.491461 | AB64: 24.462055 | AC64: 24.426752 | AD64: 24.399635 | AE64: 24.40773 | AF64: 24.328617 | AG64: 24.285736 | AH64: 24.280874 | AI64: 24.244131 | AJ64: 24.25634 | AK64: -0.001014
A65: CNV000:ca_WestoftheMiss | B65: West of the Mississippi | C65: 17.234356 | D65: 17.205303 | E65: 17.117476 | F65: 17.06934 | G65: 16.988295 | H65: 17.022928 | I65: 17.071613 | J65: 17.059359 | K65: 17.037024 | L65: 17.056746 | M65: 17.03174 | N65: 16.978151 | O65: 16.968307 | P65: 16.99864 | Q65: 16.97205 | R65: 17.002645 | S65: 17.003275 | T65: 17.003227 | U65: 17.012268 | V65: 17.012785 | W65: 17.036083 | X65: 17.044588 | Y65: 17.050751 | Z65: 17.064137 | AA65: 17.081581 | AB65: 17.08465 | AC65: 17.087126 | AD65: 17.088547 | AE65: 17.086746 | AF65: 17.085443 | AG65: 17.080282 | AH65: 17.077896 | AI65: 17.084911 | AJ65: 17.086426 | AK65: -0.000217
A66: CNV000:ca_Consumption | B66: Consumption | C66: 19.437477 | D66: 19.706896 | E66: 19.588093 | F66: 19.676338 | G66: 19.593861 | H66: 19.763271 | I66: 19.874037 | J66: 19.832983 | K66: 19.854052 | L66: 19.849159 | M66: 19.841606 | N66: 19.838451 | O66: 19.782232 | P66: 19.750866 | Q66: 19.75753 | R66: 19.792145 | S66: 19.78758 | T66: 19.792101 | U66: 19.801369 | V66: 19.790552 | W66: 19.81377 | X66: 19.823812 | Y66: 19.819962 | Z66: 19.817593 | AA66: 19.814734 | AB66: 19.808729 | AC66: 19.81694 | AD66: 19.822159 | AE66: 19.832388 | AF66: 19.856539 | AG66: 19.880623 | AH66: 19.899242 | AI66: 19.884989 | AJ66: 19.887484 | AK66: 0.000285
A67: CNV000:ca_Residentialan | B67: Commercial and Institutional | C67: 20.319487 | D67: 19.866795 | E67: 19.877953 | F67: 19.862865 | G67: 19.866108 | H67: 19.864164 | I67: 19.86232 | J67: 19.858194 | K67: 19.854408 | L67: 19.851212 | M67: 19.848104 | N67: 19.846712 | O67: 19.844584 | P67: 19.843212 | Q67: 19.839586 | R67: 19.837957 | S67: 19.837421 | T67: 19.835993 | U67: 19.833931 | V67: 19.832113 | W67: 19.82988 | X67: 19.827467 | Y67: 19.826221 | Z67: 19.825344 | AA67: 19.824635 | AB67: 19.824232 | AC67: 19.824039 | AD67: 19.823009 | AE67: 19.821571 | AF67: 19.888695 | AG67: 19.887026 | AH67: 19.885118 | AI67: 19.883326 | AJ67: 19.881367 | AK67: 2.3e-05
A68: CNV000:ca_Industrial | B68: Industrial 3/ | C68: 20.775822 | D68: 20.838133 | E68: 20.733786 | F68: 20.90274 | G68: 20.866161 | H68: 20.867376 | I68: 20.866621 | J68: 20.916288 | K68: 20.915384 | L68: 20.913565 | M68: 20.910666 | N68: 20.907888 | O68: 20.903263 | P68: 20.898401 | Q68: 20.889793 | R68: 20.836567 | S68: 20.829412 | T68: 20.823454 | U68: 20.814209 | V68: 20.812382 | W68: 20.811678 | X68: 20.809002 | Y68: 20.807104 | Z68: 20.806034 | AA68: 20.806112 | AB68: 20.804993 | AC68: 20.804296 | AD68: 20.804533 | AE68: 20.804535 | AF68: 20.801073 | AG68: 20.800825 | AH68: 20.800814 | AI68: 20.801849 | AJ68: 20.801619 | AK68: -5.5e-05
A69: CNV000:ca_Coking | B69: Coking | C69: 28.674879 | D69: 28.554436 | E69: 28.562546 | F69: 28.504807 | G69: 28.443207 | H69: 28.442011 | I69: 28.435804 | J69: 28.436998 | K69: 28.439365 | L69: 28.441151 | M69: 28.441542 | N69: 28.444378 | O69: 28.445307 | P69: 28.448008 | Q69: 28.451092 | R69: 28.453724 | S69: 28.456079 | T69: 28.459068 | U69: 28.461367 | V69: 28.462769 | W69: 28.465334 | X69: 28.467546 | Y69: 28.468142 | Z69: 28.467697 | AA69: 28.468544 | AB69: 28.468433 | AC69: 28.468117 | AD69: 28.467951 | AE69: 28.468956 | AF69: 28.468082 | AG69: 28.468615 | AH69: 28.468512 | AI69: 28.468487 | AJ69: 28.468031 | AK69: -9.5e-05
A70: CNV000:ca_ElectricPower | B70: Electric Power 2/ | C70: 18.994087 | D70: 19.243162 | E70: 19.070353 | F70: 19.169922 | G70: 19.0896 | H70: 19.276791 | I70: 19.411289 | J70: 19.366068 | K70: 19.385353 | L70: 19.372707 | M70: 19.360991 | N70: 19.352909 | O70: 19.300653 | P70: 19.265913 | Q70: 19.264597 | R70: 19.290289 | S70: 19.284327 | T70: 19.280676 | U70: 19.290565 | V70: 19.277931 | W70: 19.296234 | X70: 19.305914 | Y70: 19.302322 | Z70: 19.303665 | AA70: 19.298279 | AB70: 19.294079 | AC70: 19.303532 | AD70: 19.31328 | AE70: 19.326996 | AF70: 19.356915 | AG70: 19.385813 | AH70: 19.410372 | AI70: 19.396624 | AJ70: 19.402521 | AK70: 0.000258
A71: CNV000:ca_Imports | B71: Imports | C71: 22.116497 | D71: 23.789541 | E71: 23.796753 | F71: 23.826195 | G71: 23.907089 | H71: 23.930763 | I71: 23.957258 | J71: 23.986702 | K71: 24.019024 | L71: 24.054968 | M71: 24.094473 | N71: 24.137136 | O71: 24.18609 | P71: 24.239874 | Q71: 24.258429 | R71: 24.257082 | S71: 24.255733 | T71: 24.254387 | U71: 24.253038 | V71: 24.25169 | W71: 24.250341 | X71: 24.248991 | Y71: 24.247643 | Z71: 24.246292 | AA71: 24.244942 | AB71: 24.243591 | AC71: 24.242241 | AD71: 24.240889 | AE71: 24.239538 | AF71: 24.238186 | AG71: 24.236834 | AH71: 24.235481 | AI71: 24.234129 | AJ71: 24.232777 | AK71: 0.000577
A72: CNV000:ca_Exports | B72: Exports | C72: 26.218889 | D72: 25.447502 | E72: 25.630148 | F72: 25.765919 | G72: 26.388355 | H72: 26.396355 | I72: 26.389751 | J72: 26.391817 | K72: 26.385069 | L72: 26.391817 | M72: 26.385069 | N72: 26.175568 | O72: 26.169689 | P72: 25.926773 | Q72: 25.745951 | R72: 25.671246 | S72: 25.497976 | T72: 25.343998 | U72: 25.256226 | V72: 25.173838 | W72: 25.175093 | X72: 25.077671 | Y72: 24.968132 | Z72: 24.865974 | AA72: 24.881556 | AB72: 24.859068 | AC72: 24.773596 | AD72: 24.759016 | AE72: 24.856955 | AF72: 24.625307 | AG72: 24.423267 | AH72: 24.423267 | AI72: 24.423267 | AJ72: 24.423267 | AK72: -0.001283
A73: CNV000:ca_CoaltoLiquids | B73: Coal to Liquids | C73: 0 | D73: 0 | E73: 0 | F73: 0 | G73: 0 | H73: 0 | I73: 0 | J73: 0 | K73: 0 | L73: 0 | M73: 0 | N73: 0 | O73: 0 | P73: 0 | Q73: 0 | R73: 0 | S73: 0 | T73: 0 | U73: 0 | V73: 0 | W73: 0 | X73: 0 | Y73: 0 | Z73: 0 | AA73: 0 | AB73: 0 | AC73: 0 | AD73: 0 | AE73: 0 | AF73: 0 | AG73: 0 | AH73: 0 | AI73: 0 | AJ73: 0 | AK73: - -
A74: CNV000:ca_WasteCoal | B74: Waste Coal | C74: 12.941472 | D74: 11.314271 | E74: 11.31427 | F74: 11.31427 | G74: 11.31427 | H74: 11.31427 | I74: 11.31427 | J74: 11.31427 | K74: 11.314271 | L74: 11.314271 | M74: 11.31427 | N74: 11.31427 | O74: 11.31427 | P74: 11.314271 | Q74: 11.314271 | R74: 11.31427 | S74: 11.31427 | T74: 11.31427 | U74: 11.314271 | V74: 11.31427 | W74: 11.31427 | X74: 11.314271 | Y74: 11.314271 | Z74: 11.31427 | AA74: 11.314271 | AB74: 11.314271 | AC74: 11.31427 | AD74: 11.314271 | AE74: 11.31427 | AF74: 11.31427 | AG74: 11.31427 | AH74: 11.314271 | AI74: 11.314271 | AJ74: 11.314271 | AK74: 0
A76: CNV000:da_Electricity | B76: Electricity (Btu per kilowatthour) | C76: 3412 | D76: 3412 | E76: 3412 | F76: 3412 | G76: 3412 | H76: 3412 | I76: 3412 | J76: 3412 | K76: 3412 | L76: 3412 | M76: 3412 | N76: 3412 | O76: 3412 | P76: 3412 | Q76: 3412 | R76: 3412 | S76: 3412 | T76: 3412 | U76: 3412 | V76: 3412 | W76: 3412 | X76: 3412 | Y76: 3412 | Z76: 3412 | AA76: 3412 | AB76: 3412 | AC76: 3412 | AD76: 3412 | AE76: 3412 | AF76: 3412 | AG76: 3412 | AH76: 3412 | AI76: 3412 | AJ76: 3412 | AK76: 0
B78: 1/ Includes ethane, natural gasoline, and refinery olefins.
B79: 2/ Includes all electricity-only and combined heat and power plants that have a regulatory status.
B80: 3/ Includes combined heat and power plants that have a non-regulatory status, and small on-site generating systems.
B81: - - = Not applicable.
B82: Note: Data for 2017 are model results and may differ from official EIA data reports.
B83: Sources: 2017 based on: U.S. Energy Information Administration (EIA), Monthly Energy Review, September 2018.
B84: 2018: EIA, Short-Term Energy Outlook, October 2018 and EIA, AEO2019 National Energy Modeling System run ref2019.d111618a.
B85: Projections: EIA, AEO2019 National Energy Modeling System run ref2019.d111618a.

Sheet ethanol content
A1: https://www.eia.gov/environment/emissions/co2_vol_mass.php
A3: Carbon Dioxide Emissions Coefficients by Fuel | I3: Percentage of BTUs per barrel from ethanol | J3: ='state specific data'!$D$9 -> 0.064999199
B4: Pounds CO2 | C4: Kilograms CO2 | D4: Pounds CO2 | E4: Kilograms CO2
A5: Carbon Dioxide (CO2) Factors: | B5: Per Unit of Volume or Mass | C5: Per Unit of Volume or Mass | D5: Per Million Btu | E5: Per Million Btu | I5: BTU per barrel, finished gasoline | J5: ='AEO Table 73'!C32 -> 5.056643
A6: For homes and businesses | I6: BTU per barrel, motor gasoline before blending | J6: ='AEO Table 73'!C35 -> 5.22228
A7: Propane | B7: 12.68 gallon | C7: 5.75 gallon | D7: 138.63 | E7: 62.88 | I7: BTUs per barrel from motor gasoline | J7: =J6*(1-'EIA-fuel-ethanol-motor-gasoline'!C47/100) -> 4.6880408
A8: Diesel and Home Heating Fuel (Distillate Fuel Oil) | B8: 22.45 gallon | C8: 10.19 gallon | D8: 163.45 | E8: 74.14 | I8: Percentage of BTUs per barrel from motor gasoline | J8: =J7/J5 -> 0.92710535
A9: Kerosene | B9: 21.78 gallon | C9: 9.88 gallon | D9: 161.35 | E9: 73.19
A10: Coal (All types) | B10: 3,890.78 short ton | C10: 1,764.83 short ton | D10: 211.47 | E10: 95.92
A11: Natural Gas | B11: 120.96 thousand cubic feet | C11: 54.87 thousand cubic feet | D11: 116.65 | E11: 52.91
A12: Finished Motor Gasolinea | B12: 17.86 gallon | C12: 8.10 gallon | D12: 148.57 | E12: 67.39
A13: Motor Gasoline | B13: 19.37 gallon | C13: 8.78 gallon | D13: 155.77 | E13: 70.66
A14: Residual Heating Fuel (Businesses only) | B14: 24.78 gallon | C14: 11.24 gallon | D14: 165.55 | E14: 75.09
A15: Other transportation fuels
A16: Jet Fuel | B16: 21.50 gallon | C16: 9.75 gallon | D16: 159.25 | E16: 72.23
A17: Aviation Gas | B17: 18.32 gallon | C17: 8.31 gallon | D17: 152.46 | E17: 69.15
A18: Industrial fuels and others not listed above
A19: Petroleum coke | B19: 32.88 gallon | C19: 14.920 gallon | D19: 225.13 | E19: 102.12
A20: Nonfuel uses
A21: Asphalt and Road Oil | B21: 26.25 gallon | C21: 11.91 gallon | D21: 166.12 | E21: 75.35
A22: Lubricants | B22: 23.58 gallon | C22: 10.70 gallon | D22: 163.29 | E22: 74.07
A23: Naphthas for Petrochemical Feedstock Use | B23: 18.74 gallon | C23: 8.50 gallon | D23: 149.95 | E23: 68.02
A24: Other Oils for Petrochemical Feedstock Use | B24: 22.61 gallon | C24: 10.26 gallon | D24: 163.05 | E24: 73.96
A25: Special Naphthas (solvents) | B25: 19.94 gallon | C25: 9.04 gallon | D25: 159.57 | E25: 72.38
A26: Waxes | B26: 21.10 gallon | C26: 9.57 gallon | D26: 160.06 | E26: 72.6
A27: Coals by type
A28: Anthracite | B28: 5,735.68 short ton | C28: 2,601.67 short ton | D28: 228.6 | E28: 103.69
A29: Bituminous | B29: 4,783.52 short ton | C29: 2,169.77 short ton | D29: 205.57 | E29: 93.24
A30: Subbituminous | B30: 3,745.22 short ton | C30: 1,698.80 short ton | D30: 214.13 | E30: 97.13
A31: Lignite | B31: 2,809.83 short ton | C31: 1,274.52 short ton | D31: 216.64 | E31: 98.27
A32: Coke | B32: 7,183.46 short ton | C32: 3,258.37 short ton | D32: 250.59 | E32: 113.67
A33: Other fuels
A34: Geothermal (steam) | B34: NA | C34: NA | D34: 26.03 | E34: 11.81
A35: Geothermal (binary cycle) | B35: NA | C35: NA | D35: 0 | E35: 0
A36: Municipal solid wasteb,c | B36: 1,562.78 short ton | C36: 708.87 short ton | D36: 109.98 | E36: 49.89
A37: Tire-derived fuelb | B37: 5,306.87 short ton | C37: 2,407.16 short ton | D37: 189.53 | E37: 85.97
A38: Waste oilb | B38: 22.51 gallon | C38: 10.21 gallon | D38: 163.14 | E38: 74

Sheet AEO 2023 Table 17
B1: ref2023.d020623a | C1: 2022 | D1: 2023 | E1: 2024 | F1: 2025 | G1: 2026 | H1: 2027 | I1: 2028 | J1: 2029 | K1: 2030 | L1: 2031 | M1: 2032 | N1: 2033 | O1: 2034 | P1: 2035 | Q1: 2036 | R1: 2037 | S1: 2038 | T1: 2039 | U1: 2040 | V1: 2041 | W1: 2042 | X1: 2043 | Y1: 2044 | Z1: 2045 | AA1: 2046 | AB1: 2047 | AC1: 2048 | AD1: 2049 | AE1: 2050
C3: Report | D3: Annual Energy Outlook 2023
C4: Scenario | D4: ref2023 | G4: Reference
C5: Datekey | D5: d020623a
C6: Release Date | E6: March 2023
A10: REM000 | B10: 17. Renewable Energy Consumption by Sector and Source | AF10: Average
B11: (quadrillion Btu, unless otherwise noted) | AF11: Annual
AF12: Change
B13: Sector and Source | C13: 2022 | D13: 2023 | E13: 2024 | F13: 2025 | G13: 2026 | H13: 2027 | I13: 2028 | J13: 2029 | K13: 2030 | L13: 2031 | M13: 2032 | N13: 2033 | O13: 2034 | P13: 2035 | Q13: 2036 | R13: 2037 | S13: 2038 | T13: 2039 | U13: 2040 | V13: 2041 | W13: 2042 | X13: 2043 | Y13: 2044 | Z13: 2045 | AA13: 2046 | AB13: 2047 | AC13: 2048 | AD13: 2049 | AE13: 2050 | AF13: 2022–2050
B15: Marketed Renewable Energy 1/
A17: REM000:ca_Residential(w | B17: Residential (wood) | C17: 0.538932 | D17: 0.57441 | E17: 0.513068 | F17: 0.489864 | G17: 0.472164 | H17: 0.45764 | I17: 0.4452 | J17: 0.435137 | K17: 0.426017 | L17: 0.41791 | M17: 0.409804 | N17: 0.402631 | O17: 0.395039 | P17: 0.387514 | Q17: 0.379935 | R17: 0.372857 | S17: 0.366083 | T17: 0.359575 | U17: 0.353241 | V17: 0.347622 | W17: 0.342071 | X17: 0.337054 | Y17: 0.332011 | Z17: 0.327538 | AA17: 0.323872 | AB17: 0.320083 | AC17: 0.316089 | AD17: 0.312111 | AE17: 0.308024 | AF17: -0.019781
A19: REM000:da_Commercial(bi | B19: Commercial (biomass) | C19: 0.120805 | D19: 0.120805 | E19: 0.120805 | F19: 0.120805 | G19: 0.120805 | H19: 0.120805 | I19: 0.120805 | J19: 0.120805 | K19: 0.120805 | L19: 0.120805 | M19: 0.120805 | N19: 0.120805 | O19: 0.120805 | P19: 0.120805 | Q19: 0.120805 | R19: 0.120805 | S19: 0.120805 | T19: 0.120805 | U19: 0.120805 | V19: 0.120805 | W19: 0.120805 | X19: 0.120805 | Y19: 0.120805 | Z19: 0.120805 | AA19: 0.120805 | AB19: 0.120805 | AC19: 0.120805 | AD19: 0.120805 | AE19: 0.120805 | AF19: 0
A21: REM000:ea_Industrial | B21: Industrial 2/ | C21: 2.418849 | D21: 2.558293 | E21: 2.454399 | F21: 2.458783 | G21: 2.461936 | H21: 2.469083 | I21: 2.484627 | J21: 2.491801 | K21: 2.494826 | L21: 2.500568 | M21: 2.509977 | N21: 2.521396 | O21: 2.534965 | P21: 2.553261 | Q21: 2.557693 | R21: 2.567496 | S21: 2.576616 | T21: 2.588815 | U21: 2.604867 | V21: 2.630121 | W21: 2.648243 | X21: 2.664851 | Y21: 2.671741 | Z21: 2.681419 | AA21: 2.697925 | AB21: 2.720405 | AC21: 2.747052 | AD21: 2.763744 | AE21: 2.78549 | AF21: 0.005053
A22: REM000:ea_ConventionalH | B22: Conventional Hydroelectric Power | C22: 0.010773 | D22: 0.010913 | E22: 0.010875 | F22: 0.010837 | G22: 0.010801 | H22: 0.010767 | I22: 0.010736 | J22: 0.010707 | K22: 0.010682 | L22: 0.010661 | M22: 0.010644 | N22: 0.010632 | O22: 0.010624 | P22: 0.010622 | Q22: 0.010622 | R22: 0.010622 | S22: 0.010622 | T22: 0.010622 | U22: 0.010622 | V22: 0.010622 | W22: 0.010622 | X22: 0.010622 | Y22: 0.010622 | Z22: 0.010622 | AA22: 0.010622 | AB22: 0.010622 | AC22: 0.010622 | AD22: 0.010622 | AE22: 0.010622 | AF22: -0.000504
A23: REM000:ea_MunicipalSoli | B23: Municipal Waste 3/ | C23: 0.161768 | D23: 0.159976 | E23: 0.160365 | F23: 0.16234 | G23: 0.164713 | H23: 0.166676 | I23: 0.167756 | J23: 0.167014 | K23: 0.166274 | L23: 0.165657 | M23: 0.164915 | N23: 0.164057 | O23: 0.163178 | P23: 0.162395 | Q23: 0.161408 | R23: 0.16053 | S23: 0.159728 | T23: 0.159956 | U23: 0.160357 | V23: 0.160718 | W23: 0.160969 | X23: 0.161029 | Y23: 0.160963 | Z23: 0.161255 | AA23: 0.161468 | AB23: 0.161673 | AC23: 0.161871 | AD23: 0.162026 | AE23: 0.162219 | AF23: 9.9e-05
A24: REM000:ea_Biomass | B24: Biomass | C24: 1.328232 | D24: 1.402826 | E24: 1.37287 | F24: 1.379027 | G24: 1.38159 | H24: 1.387895 | I24: 1.399337 | J24: 1.41076 | K24: 1.418932 | L24: 1.429157 | M24: 1.443031 | N24: 1.456508 | O24: 1.470957 | P24: 1.482958 | Q24: 1.48898 | R24: 1.498773 | S24: 1.506998 | T24: 1.516537 | U24: 1.528081 | V24: 1.540243 | W24: 1.552132 | X24: 1.562002 | Y24: 1.568192 | Z24: 1.57093 | AA24: 1.577018 | AB24: 1.587632 | AC24: 1.593003 | AD24: 1.600503 | AE24: 1.615781 | AF24: 0.007023
A25: REM000:ea_BiomasHeat&Co | B25: Biofuels Heat and Coproducts | C25: 0.918076 | D25: 0.984578 | E25: 0.910289 | F25: 0.906579 | G25: 0.904831 | H25: 0.903745 | I25: 0.906798 | J25: 0.90332 | K25: 0.898938 | L25: 0.895093 | M25: 0.891387 | N25: 0.8902 | O25: 0.890206 | P25: 0.897286 | Q25: 0.896683 | R25: 0.897571 | S25: 0.899268 | T25: 0.901701 | U25: 0.905807 | V25: 0.918538 | W25: 0.924521 | X25: 0.931198 | Y25: 0.931964 | Z25: 0.938613 | AA25: 0.948817 | AB25: 0.960478 | AC25: 0.981557 | AD25: 0.990594 | AE25: 0.996868 | AF25: 0.002945
A27: REM000:fa_Transportatio | B27: Transportation | C27: 1.643957 | D27: 1.68746 | E27: 1.750144 | F27: 1.713519 | G27: 1.703839 | H27: 1.701528 | I27: 1.5877 | J27: 1.586966 | K27: 1.586138 | L27: 1.585172 | M27: 1.583934 | N27: 1.582892 | O27: 1.581595 | P27: 1.580019 | Q27: 1.578644 | R27: 1.57726 | S27: 1.575864 | T27: 1.574471 | U27: 1.57305 | V27: 1.571346 | W27: 1.569874 | X27: 1.568397 | Y27: 1.567132 | Z27: 1.565676 | AA27: 1.579699 | AB27: 1.603261 | AC27: 1.648387 | AD27: 1.678537 | AE27: 1.699064 | AF27: 0.001178
A28: REM000:fa_Ethanolusedin | B28: Ethanol used in E85 4/ | C28: 0.022316 | D28: 0.022565 | E28: 0.021182 | F28: 0.021098 | G28: 0.020573 | H28: 0.020002 | I28: 0.019309 | J28: 0.018533 | K28: 0.017717 | L28: 0.016916 | M28: 0.016133 | N28: 0.015434 | O28: 0.014803 | P28: 0.014241 | Q28: 0.013707 | R28: 0.013317 | S28: 0.013026 | T28: 0.012829 | U28: 0.012724 | V28: 0.012669 | W28: 0.012661 | X28: 0.012716 | Y28: 0.01278 | Z28: 0.012875 | AA28: 0.01296 | AB28: 0.013117 | AC28: 0.013259 | AD28: 0.013443 | AE28: 0.013617 | AF28: -0.017487
A29: REM000:ga_Ethanolusedin | B29: Ethanol used in Gasoline Blending | C29: 1.12509 | D29: 1.122732 | E29: 1.151931 | F29: 1.142379 | G29: 1.135865 | H29: 1.130649 | I29: 1.123475 | J29: 1.114464 | K29: 1.103905 | L29: 1.094237 | M29: 1.084963 | N29: 1.07876 | O29: 1.074166 | P29: 1.069304 | Q29: 1.063241 | R29: 1.058996 | S29: 1.055871 | T29: 1.053339 | U29: 1.052924 | V29: 1.052812 | W29: 1.054361 | X29: 1.056869 | Y29: 1.061329 | Z29: 1.067279 | AA29: 1.075243 | AB29: 1.084963 | AC29: 1.095266 | AD29: 1.106839 | AE29: 1.120543 | AF29: -0.000145
A30: REM000:ga_BioDieselBlen | B30: Biodiesel used in Distillate Blending | C30: 0.201563 | D30: 0.18984 | E30: 0.219119 | F30: 0.20335 | G30: 0.200004 | H30: 0.203061 | I30: 0.154942 | J30: 0.16418 | K30: 0.172856 | L30: 0.177873 | M30: 0.176632 | N30: 0.179796 | O30: 0.177057 | P30: 0.173708 | Q30: 0.17023 | R30: 0.166623 | S30: 0.162883 | T30: 0.159519 | U30: 0.155506 | V30: 0.151353 | W30: 0.147056 | X30: 0.142614 | Y30: 0.138021 | Z30: 0.133277 | AA30: 0.128377 | AB30: 0.123319 | AC30: 0.118099 | AD30: 0.112828 | AE30: 0.107556 | AF30: -0.022182
A31: REM000:trans_biobute | B31: Biobutanol | C31: 0 | D31: 0 | E31: 0 | F31: 0 | G31: 0 | H31: 0 | I31: 0 | J31: 0 | K31: 0 | L31: 0 | M31: 0 | N31: 0 | O31: 0 | P31: 0 | Q31: 0 | R31: 0 | S31: 0 | T31: 0 | U31: 0 | V31: 0 | W31: 0 | X31: 0 | Y31: 0 | Z31: 0 | AA31: 0 | AB31: 0 | AC31: 0 | AD31: 0 | AE31: 0 | AF31: --
A32: REM000:gb_LiquidfromBio | B32: Liquids from Biomass | C32: 0.001026 | D32: 0.001154 | E32: 0.001159 | F32: 0.001159 | G32: 0.001223 | H32: 0.001159 | I32: 0.001223 | J32: 0.00225 | K32: 0.00167 | L32: 0.001853 | M32: 0.001884 | N32: 0.00225 | O32: 0.00225 | P32: 0.00225 | Q32: 0.00225 | R32: 0.00225 | S32: 0.00225 | T32: 0.00225 | U32: 0.00225 | V32: 0.002682 | W32: 0.00225 | X32: 0.00225 | Y32: 0.001992 | Z32: 0.001223 | AA32: 0.002185 | AB32: 0.002185 | AC32: 0.002185 | AD32: 0.002225 | AE32: 0.001882 | AF32: 0.021892
A33: REM000:gb_GreenLiquids | B33: Renewable Diesel and Gasoline 5/ | C33: 0.293962 | D33: 0.35117 | E33: 0.356753 | F33: 0.345533 | G33: 0.346173 | H33: 0.346656 | I33: 0.288751 | J33: 0.287539 | K33: 0.28999 | L33: 0.294293 | M33: 0.304321 | N33: 0.306653 | O33: 0.313318 | P33: 0.320518 | Q33: 0.329216 | R33: 0.336075 | S33: 0.341834 | T33: 0.346535 | U33: 0.349645 | V33: 0.351831 | W33: 0.353546 | X33: 0.353948 | Y33: 0.353009 | Z33: 0.351022 | AA33: 0.360933 | AB33: 0.379677 | AC33: 0.419578 | AD33: 0.443202 | AE33: 0.455466 | AF33: 0.015761
A35: REM000:ha_ElectricPower | B35: Electric Power 6/ | C35: 8.08409 | D35: 8.605595 | E35: 9.2536 | F35: 10.769812 | G35: 12.489632 | H35: 14.207677 | I35: 15.657 | J35: 16.679596 | K35: 17.569942 | L35: 18.211523 | M35: 18.849072 | N35: 19.601135 | O35: 20.207752 | P35: 20.684017 | Q35: 21.174015 | R35: 21.527521 | S35: 21.819601 | T35: 21.990221 | U35: 22.281153 | V35: 22.423574 | W35: 22.664766 | X35: 22.940054 | Y35: 23.344435 | Z35: 23.717884 | AA35: 24.147013 | AB35: 24.507113 | AC35: 24.87258 | AD35: 25.165535 | AE35: 25.597914 | AF35: 0.042024
A36: REM000:ha_ConventionalH | B36: Conventional Hydroelectric Power | C36: 2.442681 | D36: 2.44755 | E36: 2.491689 | F36: 2.577846 | G36: 2.568922 | H36: 2.546059 | I36: 2.504646 | J36: 2.475489 | K36: 2.446743 | L36: 2.425799 | M36: 2.409033 | N36: 2.411749 | O36: 2.415782 | P36: 2.419376 | Q36: 2.424693 | R36: 2.41289 | S36: 2.399529 | T36: 2.375586 | U36: 2.3708 | V36: 2.35552 | W36: 2.358788 | X36: 2.352015 | Y36: 2.346977 | Z36: 2.343842 | AA36: 2.33262 | AB36: 2.325793 | AC36: 2.323454 | AD36: 2.310321 | AE36: 2.298403 | AF36: -0.002172
A37: REM000:ha_Geothermal | B37: Geothermal | C37: 0.138575 | D37: 0.134139 | E37: 0.138856 | F37: 0.146111 | G37: 0.152066 | H37: 0.156023 | I37: 0.159828 | J37: 0.167233 | K37: 0.174095 | L37: 0.178493 | M37: 0.184554 | N37: 0.187499 | O37: 0.195066 | P37: 0.201046 | Q37: 0.210441 | R37: 0.217342 | S37: 0.223436 | T37: 0.2259 | U37: 0.229147 | V37: 0.234246 | W37: 0.240622 | X37: 0.244772 | Y37: 0.249637 | Z37: 0.25794 | AA37: 0.269467 | AB37: 0.28115 | AC37: 0.288588 | AD37: 0.296086 | AE37: 0.302234 | AF37: 0.028241
A38: REM000:ha_MunicipalSoli | B38: Biogenic Municipal Waste 7/ | C38: 0.22191 | D38: 0.228224 | E38: 0.233892 | F38: 0.239109 | G38: 0.244032 | H38: 0.251669 | I38: 0.255155 | J38: 0.262267 | K38: 0.270317 | L38: 0.278272 | M38: 0.285579 | N38: 0.29683 | O38: 0.303756 | P38: 0.312192 | Q38: 0.321445 | R38: 0.330951 | S38: 0.342231 | T38: 0.35276 | U38: 0.36073 | V38: 0.369139 | W38: 0.377914 | X38: 0.386538 | Y38: 0.395555 | Z38: 0.404655 | AA38: 0.410119 | AB38: 0.416926 | AC38: 0.422851 | AD38: 0.42875 | AE38: 0.43555 | AF38: 0.024376
A39: REM000:ha_Biomass | B39: Biomass | C39: 0.180331 | D39: 0.192473 | E39: 0.180116 | F39: 0.181063 | G39: 0.177749 | H39: 0.175131 | I39: 0.165623 | J39: 0.161346 | K39: 0.161241 | L39: 0.162494 | M39: 0.162658 | N39: 0.163868 | O39: 0.163854 | P39: 0.164149 | Q39: 0.163862 | R39: 0.164537 | S39: 0.165233 | T39: 0.165279 | U39: 0.16548 | V39: 0.165659 | W39: 0.164763 | X39: 0.164765 | Y39: 0.164578 | Z39: 0.1647 | AA39: 0.170629 | AB39: 0.170972 | AC39: 0.171464 | AD39: 0.176981 | AE39: 0.177752 | AF39: -0.000514
A40: REM000:ha_DedicatedPlan | B40: Dedicated Plants | C40: 0.146924 | D40: 0.157217 | E40: 0.148088 | F40: 0.149106 | G40: 0.145807 | H40: 0.143338 | I40: 0.13548 | J40: 0.131939 | K40: 0.131949 | L40: 0.133298 | M40: 0.133607 | N40: 0.134069 | O40: 0.134178 | P40: 0.134068 | Q40: 0.133866 | R40: 0.134474 | S40: 0.135283 | T40: 0.135296 | U40: 0.13552 | V40: 0.135503 | W40: 0.134629 | X40: 0.1346 | Y40: 0.134432 | Z40: 0.134527 | AA40: 0.140319 | AB40: 0.140614 | AC40: 0.14099 | AD40: 0.146394 | AE40: 0.147057 | AF40: 3.2e-05
A41: REM000:ha_Cofiring | B41: Cofiring | C41: 0.033407 | D41: 0.035255 | E41: 0.032028 | F41: 0.031957 | G41: 0.031942 | H41: 0.031793 | I41: 0.030144 | J41: 0.029407 | K41: 0.029292 | L41: 0.029196 | M41: 0.029051 | N41: 0.029799 | O41: 0.029675 | P41: 0.030081 | Q41: 0.029995 | R41: 0.030063 | S41: 0.029951 | T41: 0.029983 | U41: 0.02996 | V41: 0.030157 | W41: 0.030133 | X41: 0.030165 | Y41: 0.030146 | Z41: 0.030173 | AA41: 0.03031 | AB41: 0.030358 | AC41: 0.030474 | AD41: 0.030587 | AE41: 0.030695 | AF41: -0.003019
A42: REM000:ha_SolarThermal | B42: Solar Thermal | C42: 0.026097 | D42: 0.026142 | E42: 0.02559 | F42: 0.025612 | G42: 0.025363 | H42: 0.025058 | I42: 0.024745 | J42: 0.024274 | K42: 0.024036 | L42: 0.02384 | M42: 0.022007 | N42: 0.021626 | O42: 0.020728 | P42: 0.020644 | Q42: 0.019789 | R42: 0.019886 | S42: 0.020183 | T42: 0.020373 | U42: 0.019944 | V42: 0.019694 | W42: 0.019015 | X42: 0.018082 | Y42: 0.017749 | Z42: 0.01733 | AA42: 0.017052 | AB42: 0.016774 | AC42: 0.016619 | AD42: 0.016455 | AE42: 0.016648 | AF42: -0.015926
A43: REM000:ha_SolarPhotovol | B43: Solar Photovoltaic 8/ | C43: 1.177112 | D43: 1.520191 | E43: 2.136887 | F43: 3.17957 | G43: 4.325841 | H43: 5.352685 | I43: 5.958737 | J43: 6.275979 | K43: 6.478005 | L43: 6.825141 | M43: 7.316296 | N43: 7.667536 | O43: 7.998652 | P43: 8.191917 | Q43: 8.540236 | R43: 8.880701 | S43: 9.202519 | T43: 9.377172 | U43: 9.679772 | V43: 9.812637 | W43: 10.01744 | X43: 10.248034 | Y43: 10.580895 | Z43: 10.882163 | AA43: 11.308514 | AB43: 11.581096 | AC43: 11.847967 | AD43: 12.144065 | AE43: 12.509926 | AF43: 0.088074
A44: REM000:ha_Wind | B44: Wind | C44: 3.897385 | D44: 4.056876 | E44: 4.046569 | F44: 4.420499 | G44: 4.995658 | H44: 5.701052 | I44: 6.588266 | J44: 7.313008 | K44: 8.015505 | L44: 8.317482 | M44: 8.468944 | N44: 8.852024 | O44: 9.109915 | P44: 9.374693 | Q44: 9.493549 | R44: 9.501213 | S44: 9.46647 | T44: 9.473149 | U44: 9.45528 | V44: 9.466681 | W44: 9.486225 | X44: 9.525846 | Y44: 9.589043 | Z44: 9.647252 | AA44: 9.63861 | AB44: 9.714403 | AC44: 9.801635 | AD44: 9.792878 | AE44: 9.857403 | AF44: 0.033695
A46: REM000:ia_TotalMarketed | B46: Total Marketed Renewable Energy | C46: 12.806632 | D46: 13.546563 | E46: 14.092015 | F46: 15.552782 | G46: 17.248375 | H46: 18.956732 | I46: 20.29533 | J46: 21.314304 | K46: 22.197727 | L46: 22.835978 | M46: 23.473591 | N46: 24.228859 | O46: 24.840157 | P46: 25.325615 | Q46: 25.811092 | R46: 26.165939 | S46: 26.458969 | T46: 26.633888 | U46: 26.933115 | V46: 27.093468 | W46: 27.34576 | X46: 27.631161 | Y46: 28.036123 | Z46: 28.413322 | AA46: 28.869314 | AB46: 29.271667 | AC46: 29.704914 | AD46: 30.040731 | AE46: 30.511297 | AF46: 0.03149
B48: Sources of Ethanol
A49: REM000:ja_FromCorn | B49: From Corn and Other Starch | C49: 1.263154 | D49: 1.23928 | E49: 1.324231 | F49: 1.318407 | G49: 1.315272 | H49: 1.313495 | I49: 1.317761 | J49: 1.313384 | K49: 1.305957 | L49: 1.300309 | M49: 1.295035 | N49: 1.293353 | O49: 1.293118 | P49: 1.302341 | Q49: 1.301225 | R49: 1.302217 | S49: 1.304563 | T49: 1.307725 | U49: 1.313264 | V49: 1.330781 | W49: 1.33853 | X49: 1.347896 | Y49: 1.349838 | Z49: 1.359517 | AA49: 1.375432 | AB49: 1.392505 | AC49: 1.423452 | AD49: 1.43737 | AE49: 1.447323 | AF49: 0.004873
A50: REM000:ja_FromCellulose | B50: From Cellulose | C50: 0.001455 | D50: 0.001397 | E50: 0.001468 | F50: 0.001468 | G50: 0.001468 | H50: 0.001468 | I50: 0.001468 | J50: 0.000463 | K50: 0.001031 | L50: 0.000851 | M50: 0.00082 | N50: 0.000463 | O50: 0.000463 | P50: 0.000463 | Q50: 0.000463 | R50: 0.000463 | S50: 0.000463 | T50: 0.000463 | U50: 0.000463 | V50: 3.9e-05 | W50: 0.000463 | X50: 0.000463 | Y50: 0.000715 | Z50: 0.001468 | AA50: 0.000463 | AB50: 0.000463 | AC50: 0.000463 | AD50: 0.000424 | AE50: 0.000823 | AF50: -0.020154
A51: REM000:ja_Imports | B51: Net Imports | C51: -0.117203 | D51: -0.09538 | E51: -0.152586 | F51: -0.156399 | G51: -0.160302 | H51: -0.164311 | I51: -0.176445 | J51: -0.18085 | K51: -0.185365 | L51: -0.190007 | M51: -0.194759 | N51: -0.199622 | O51: -0.204611 | P51: -0.219259 | Q51: -0.224739 | R51: -0.230367 | S51: -0.236128 | T51: -0.24202 | U51: -0.248078 | V51: -0.26534 | W51: -0.271971 | X51: -0.278774 | Y51: -0.276443 | Z51: -0.280831 | AA51: -0.287691 | AB51: -0.294887 | AC51: -0.31539 | AD51: -0.317511 | AE51: -0.313985 | AF51: 0.035821
A52: REM000:ja_Total | B52: Total U.S. Supply of Ethanol | C52: 1.147406 | D52: 1.145297 | E52: 1.173112 | F52: 1.163476 | G52: 1.156438 | H52: 1.150652 | I52: 1.142784 | J52: 1.132997 | K52: 1.121622 | L52: 1.111153 | M52: 1.101096 | N52: 1.094194 | O52: 1.088969 | P52: 1.083545 | Q52: 1.076948 | R52: 1.072313 | S52: 1.068897 | T52: 1.066168 | U52: 1.065649 | V52: 1.065481 | W52: 1.067022 | X52: 1.069585 | Y52: 1.074109 | Z52: 1.080154 | AA52: 1.088203 | AB52: 1.09808 | AC52: 1.108525 | AD52: 1.120282 | AE52: 1.134161 | AF52: -0.000415
B55: Nonmarketed Renewable Energy 9/
B56: Selected Consumption
A58: REM000:la_Residential | B58: Residential | C58: 0.393219 | D58: 0.434366 | E58: 0.489793 | F58: 0.536564 | G58: 0.581833 | H58: 0.629531 | I58: 0.676198 | J58: 0.725824 | K58: 0.779751 | L58: 0.836529 | M58: 0.895673 | N58: 0.950675 | O58: 1.009075 | P58: 1.056513 | Q58: 1.10312 | R58: 1.148593 | S58: 1.196789 | T58: 1.251659 | U58: 1.307328 | V58: 1.373433 | W58: 1.438137 | X58: 1.508013 | Y58: 1.58319 | Z58: 1.662218 | AA58: 1.738735 | AB58: 1.819884 | AC58: 1.901515 | AD58: 1.990029 | AE58: 2.072695 | AF58: 0.061163
A59: REM000:la_SolarHotWater | B59: Solar Hot Water Heating | C59: 0.057071 | D59: 0.065247 | E59: 0.07449 | F59: 0.082332 | G59: 0.089647 | H59: 0.096699 | I59: 0.103424 | J59: 0.110056 | K59: 0.117083 | L59: 0.1244 | M59: 0.131754 | N59: 0.136737 | O59: 0.139994 | P59: 0.139617 | Q59: 0.139465 | R59: 0.139221 | S59: 0.13922 | T59: 0.139213 | U59: 0.139127 | V59: 0.139539 | W59: 0.13956 | X59: 0.139798 | Y59: 0.139983 | Z59: 0.140358 | AA59: 0.140489 | AB59: 0.140678 | AC59: 0.140518 | AD59: 0.140775 | AE59: 0.140678 | AF59: 0.032745
A60: REM000:la_GeothermalHea | B60: Geothermal Heat Pumps | C60: 0.014845 | D60: 0.015337 | E60: 0.017393 | F60: 0.019101 | G60: 0.020705 | H60: 0.022253 | I60: 0.023747 | J60: 0.025304 | K60: 0.026698 | L60: 0.02816 | M60: 0.029547 | N60: 0.030886 | O60: 0.032045 | P60: 0.032748 | Q60: 0.03327 | R60: 0.033674 | S60: 0.033866 | T60: 0.03424 | U60: 0.034598 | V60: 0.035141 | W60: 0.035661 | X60: 0.036153 | Y60: 0.036614 | Z60: 0.037158 | AA60: 0.03777 | AB60: 0.038506 | AC60: 0.039143 | AD60: 0.039899 | AE60: 0.040578 | AF60: 0.036565
A61: REM000:la_SolarPhotovol | B61: Solar Photovoltaic 8/ | C61: 0.320742 | D61: 0.353178 | E61: 0.397252 | F61: 0.434426 | G61: 0.470733 | H61: 0.509778 | I61: 0.548173 | J61: 0.589558 | K61: 0.635009 | L61: 0.682952 | M61: 0.7333 | N61: 0.78193 | O61: 0.835914 | P61: 0.883022 | Q61: 0.929259 | R61: 0.974571 | S61: 1.022575 | T61: 1.077076 | U61: 1.132468 | V61: 1.197609 | W61: 1.26177 | X61: 1.330909 | Y61: 1.405431 | Z61: 1.483531 | AA61: 1.559299 | AB61: 1.639516 | AC61: 1.720668 | AD61: 1.808161 | AE61: 1.890247 | AF61: 0.065401
A62: REM000:la_blowWindblow | B62: Wind | C62: 0.000561 | D62: 0.000603 | E62: 0.000659 | F62: 0.000705 | G62: 0.000748 | H62: 0.000801 | I62: 0.000854 | J62: 0.000907 | K62: 0.00096 | L62: 0.001017 | M62: 0.001072 | N62: 0.001122 | O62: 0.001122 | P62: 0.001127 | Q62: 0.001126 | R62: 0.001128 | S62: 0.001128 | T62: 0.00113 | U62: 0.001135 | V62: 0.001144 | W62: 0.001146 | X62: 0.001154 | Y62: 0.001162 | Z62: 0.00117 | AA62: 0.001177 | AB62: 0.001183 | AC62: 0.001187 | AD62: 0.001194 | AE62: 0.001192 | AF62: 0.027265
A64: REM000:ma_Commercial | B64: Commercial | C64: 0.342516 | D64: 0.388984 | E64: 0.431831 | F64: 0.461659 | G64: 0.477331 | H64: 0.497743 | I64: 0.514586 | J64: 0.543017 | K64: 0.563127 | L64: 0.584484 | M64: 0.602429 | N64: 0.628135 | O64: 0.656193 | P64: 0.674563 | Q64: 0.703489 | R64: 0.719807 | S64: 0.74052 | T64: 0.763362 | U64: 0.782215 | V64: 0.802085 | W64: 0.816515 | X64: 0.829349 | Y64: 0.842072 | Z64: 0.853616 | AA64: 0.873652 | AB64: 0.881501 | AC64: 0.891699 | AD64: 0.898828 | AE64: 0.899051 | AF64: 0.035066
A65: REM000:ma_SolarThermal | B65: Solar Thermal | C65: 0.073909 | D65: 0.074151 | E65: 0.075857 | F65: 0.076403 | G65: 0.076692 | H65: 0.076408 | I65: 0.075979 | J65: 0.075916 | K65: 0.075721 | L65: 0.075837 | M65: 0.07584 | N65: 0.075719 | O65: 0.075756 | P65: 0.075952 | Q65: 0.075837 | R65: 0.075588 | S65: 0.07488 | T65: 0.074639 | U65: 0.07434 | V65: 0.074429 | W65: 0.074297 | X65: 0.074153 | Y65: 0.074107 | Z65: 0.074012 | AA65: 0.073801 | AB65: 0.073765 | AC65: 0.073537 | AD65: 0.073493 | AE65: 0.073127 | AF65: -0.00038
A66: REM000:ma_SolarPhotovol | B66: Solar Photovoltaic 8/ | C66: 0.261815 | D66: 0.308044 | E66: 0.349125 | F66: 0.378463 | G66: 0.393909 | H66: 0.41462 | I66: 0.431876 | J66: 0.460305 | K66: 0.480624 | L66: 0.501828 | M66: 0.519754 | N66: 0.54558 | O66: 0.57358 | P66: 0.591709 | Q66: 0.620738 | R66: 0.637336 | S66: 0.65884 | T66: 0.681914 | U66: 0.701094 | V66: 0.720852 | W66: 0.735415 | X66: 0.748405 | Y66: 0.761182 | Z66: 0.772834 | AA66: 0.793086 | AB66: 0.800969 | AC66: 0.811401 | AD66: 0.818581 | AE66: 0.819181 | AF66: 0.041579
A67: REM000:ma_blowWindblow | B67: Wind | C67: 0.006792 | D67: 0.006789 | E67: 0.006849 | F67: 0.006794 | G67: 0.00673 | H67: 0.006714 | I67: 0.006732 | J67: 0.006796 | K67: 0.006782 | L67: 0.00682 | M67: 0.006835 | N67: 0.006836 | O67: 0.006857 | P67: 0.006903 | Q67: 0.006914 | R67: 0.006883 | S67: 0.0068 | T67: 0.006808 | U67: 0.006781 | V67: 0.006804 | W67: 0.006803 | X67: 0.006792 | Y67: 0.006783 | Z67: 0.006769 | AA67: 0.006765 | AB67: 0.006767 | AC67: 0.00676 | AD67: 0.006754 | AE67: 0.006743 | AF67: -0.000257
B69: 1/ Includes nonelectric renewable energy groups for which the energy source is bought and sold in the marketplace, although
B70: all transactions may not necessarily be marketed, and renewable energy inputs for electricity entering the marketplace
B71: on the electric power grid. Excludes electricity imports, which are in Table 2. Actual heat rates used to determine fuel consumption
B72: for all renewable fuels except hydroelectric, geothermal, solar, and wind. Consumption at hydroelectric, geothermal, solar, and
B73: wind facilities is determined by using the average electric power sector net heat rate for fossil fuels.
B74: 2/ Includes combined-heat-and-power plants that have a non-regulatory status and small on-site generating systems.
B75: 3/ Includes municipal waste, landfill gas, and municipal sewage sludge. All municipal waste is included, although a
B76: portion of the municipal waste stream contains petroleum-derived plastics and other non-renewable sources.
B77: 4/ Excludes motor gasoline component of E85.
B78: 5/ Renewable feedstocks for the on-site production of diesel and gasoline.
B79: 6/ Includes consumption of energy by electricity-only and combined-heat-and-power plants that have a regulatory status.
B80: 7/ Includes biogenic municipal waste, landfill gas, and municipal sewage sludge. Incremental growth is assumed to be for
... B90: AEO2023 National Energy Modeling System run ref2023.d020623a. Projections: EIA, AEO2023 National Energy Modeling System run ref2023.d020623a.

Sheet AEO 2022 Table 17
A1: Table 17. Renewable Energy Consumption by Sector and Source
A2: https://www.eia.gov/outlooks/aeo/data/browser/#/?id=24-AEO2022&sourcekey=0
A3: Mon Apr 17 2023 13:54:10 GMT-0400 (Eastern Daylight Time)
A4: Source: U.S. Energy Information Administration
B5: full name | C5: api key | D5: units | E5: 2020 | F5: 2021 | G5: 2022 | H5: 2023 | I5: 2024 | J5: 2025 | K5: 2026 | L5: 2027 | M5: 2028 | N5: 2029 | O5: 2030 | P5: 2031 | Q5: 2032 | R5: 2033 | S5: 2034 | T5: 2035 | U5: 2036 | V5: 2037 | W5: 2038 | X5: 2039 | Y5: 2040 | Z5: 2041 | AA5: 2042 | AB5: 2043 | AC5: 2044 | AD5: 2045 | AE5: 2046 | AF5: 2047 | AG5: 2048 | AH5: 2049 | AI5: 2050 | AJ5: Growth (2021-2050)
A6: Marketed Renewable Energy
A7: Residential (wood) | B7: Renewable Energy: Marketed Use: Residential: Wood: Reference case | C7: AEO.2022.REF2022.CNSM_NA_RESD_NA_BMS_NA_NA_QBTU.A | D7: quads | F7: 0.463778 | G7: 0.483735 | H7: 0.453515 | I7: 0.450879 | J7: 0.44873 | K7: 0.446162 | L7: 0.442512 | M7: 0.43797 | N7: 0.432095 | O7: 0.424601 | P7: 0.417937 | Q7: 0.411333 | R7: 0.404265 | S7: 0.396807 | T7: 0.389404 | U7: 0.382276 | V7: 0.37601 | W7: 0.370007 | X7: 0.363737 | Y7: 0.357937 | Z7: 0.352367 | AA7: 0.346852 | AB7: 0.342168 | AC7: 0.338413 | AD7: 0.334752 | AE7: 0.331473 | AF7: 0.327686 | AG7: 0.32328 | AH7: 0.318664 | AI7: 0.313908 | AJ7: -0.013
A8: Commercial (biomass) | B8: Renewable Energy: Marketed Use: Commercial: Biomass: Reference case | C8: AEO.2022.REF2022.CNSM_NA_COMM_NA_BMS_NA_NA_QBTU.A | D8: quads | F8: 0.124386 | G8: 0.124386 | H8: 0.124386 | I8: 0.124386 | J8: 0.124386 | K8: 0.124386 | L8: 0.124386 | M8: 0.124386 | N8: 0.124386 | O8: 0.124386 | P8: 0.124386 | Q8: 0.124386 | R8: 0.124386 | S8: 0.124386 | T8: 0.124386 | U8: 0.124386 | V8: 0.124386 | W8: 0.124386 | X8: 0.124386 | Y8: 0.124386 | Z8: 0.124386 | AA8: 0.124386 | AB8: 0.124386 | AC8: 0.124386 | AD8: 0.124386 | AE8: 0.124386 | AF8: 0.124386 | AG8: 0.124386 | AH8: 0.124386 | AI8: 0.124386 | AJ8: 0
A9: Industrial | B9: Renewable Energy: Marketed Use: Industrial: Reference case | C9: AEO.2022.REF2022.CNSM_NA_IDAL_NA_MRE_NA_NA_QBTU.A | D9: quads | F9: 2.496644 | G9: 2.530462 | H9: 2.497888 | I9: 2.523535 | J9: 2.555713 | K9: 2.571653 | L9: 2.580374 | M9: 2.593268 | N9: 2.609464 | O9: 2.629252 | P9: 2.64608 | Q9: 2.659712 | R9: 2.672037 | S9: 2.682685 | T9: 2.693303 | U9: 2.704962 | V9: 2.719073 | W9: 2.735342 | X9: 2.751694 | Y9: 2.776412 | Z9: 2.798453 | AA9: 2.822463 | AB9: 2.846729 | AC9: 2.867383 | AD9: 2.887165 | AE9: 2.912558 | AF9: 2.934979 | AG9: 2.962943 | AH9: 2.988084 | AI9: 3.020718 | AJ9: 0.007
A10: Conventional Hydroelectric Power | B10: Renewable Energy: Marketed Use: Industrial: Hydropower: Reference case | C10: AEO.2022.REF2022.CNSM_NA_IDAL_NA_HYD_CNV_NA_QBTU.A | D10: quads | F10: 0.010519 | G10: 0.010658 | H10: 0.010818 | I10: 0.010976 | J10: 0.011128 | K10: 0.011272 | L10: 0.011405 | M10: 0.011526 | N10: 0.011632 | O10: 0.011721 | P10: 0.011792 | Q10: 0.011844 | R10: 0.011875 | S10: 0.011886 | T10: 0.011886 | U10: 0.011886 | V10: 0.011886 | W10: 0.011886 | X10: 0.011886 | Y10: 0.011886 | Z10: 0.011886 | AA10: 0.011886 | AB10: 0.011886 | AC10: 0.011886 | AD10: 0.011886 | AE10: 0.011886 | AF10: 0.011886 | AG10: 0.011886 | AH10: 0.011886 | AI10: 0.011886 | AJ10: 0.004
A11: Municipal Waste | B11: Renewable Energy: Marketed Use: Industrial: Municipal Waste: Reference case | C11: AEO.2022.REF2022.CNSM_NA_IDAL_NA_MUNWST_NA_NA_QBTU.A | D11: quads | F11: 0.156335 | G11: 0.154814 | H11: 0.15681 | I11: 0.159629 | J11: 0.16169 | K11: 0.163167 | L11: 0.164418 | M11: 0.164777 | N11: 0.165245 | O11: 0.16607 | P11: 0.166877 | Q11: 0.167135 | R11: 0.167544 | S11: 0.167953 | T11: 0.168182 | U11: 0.168222 | V11: 0.168175 | W11: 0.168405 | X11: 0.168585 | Y11: 0.169585 | Z11: 0.170501 | AA11: 0.171359 | AB11: 0.172656 | AC11: 0.173904 | AD11: 0.175097 | AE11: 0.176401 | AF11: 0.177634 | AG11: 0.178918 | AH11: 0.180221 | AI11: 0.181737 | AJ11: 0.005
A12: Biomass | B12: Renewable Energy: Marketed Use: Industrial: Biomass: Reference case | C12: AEO.2022.REF2022.CNSM_NA_IDAL_NA_BMS_NA_NA_QBTU.A | D12: quads | F12: 1.3896 | G12: 1.410222 | H12: 1.414995 | I12: 1.435591 | J12: 1.454187 | K12: 1.464957 | L12: 1.469858 | M12: 1.480521 | N12: 1.496045 | O12: 1.508449 | P12: 1.520013 | Q12: 1.528893 | R12: 1.534837 | S12: 1.539657 | T12: 1.544073 | U12: 1.549468 | V12: 1.556269 | W12: 1.564724 | X12: 1.572327 | Y12: 1.579641 | Z12: 1.59223 | AA12: 1.606303 | AB12: 1.619699 | AC12: 1.628914 | AD12: 1.636636 | AE12: 1.648889 | AF12: 1.658079 | AG12: 1.664214 | AH12: 1.674716 | AI12: 1.691527 | AJ12: 0.007
A13: Biofuels Heat and Coproducts | B13: Renewable Energy: Marketed Use: Industrial: Biofuels Heat and Coproducts: Reference case | C13: AEO.2022.REF2022.CNSM_NA_IDAL_NA_BFH_NA_NA_QBTU.A | D13: quads | F13: 0.94019 | G13: 0.954767 | H13: 0.915264 | I13: 0.917338 | J13: 0.928709 | K13: 0.932258 | L13: 0.934692 | M13: 0.936444 | N13: 0.936543 | O13: 0.943012 | P13: 0.947397 | Q13: 0.951841 | R13: 0.957781 | S13: 0.963188 | T13: 0.969162 | U13: 0.975386 | V13: 0.982744 | W13: 0.990327 | X13: 0.998896 | Y13: 1.015301 | Z13: 1.023836 | AA13: 1.032915 | AB13: 1.042488 | AC13: 1.05268 | AD13: 1.063547 | AE13: 1.075383 | AF13: 1.087381 | AG13: 1.107926 | AH13: 1.121262 | AI13: 1.135569 | AJ13: 0.007
A14: Transportation | B14: Renewable Energy: Marketed Use: Transportation: Reference case | C14: AEO.2022.REF2022.CNSM_NA_TRN_NA_NA_NA_NA_QBTU.A | D14: quads | F14: 1.481083 | G14: 1.595972 | H14: 1.570117 | I14: 1.569048 | J14: 1.567658 | K14: 1.566599 | L14: 1.565629 | M14: 1.564616 | N14: 1.563762 | O14: 1.562576 | P14: 1.561213 | Q14: 1.559942 | R14: 1.55878 | S14: 1.557684 | T14: 1.573331 | U14: 1.568047 | V14: 1.576267 | W14: 1.61363 | X14: 1.618422 | Y14: 1.619595 | Z14: 1.640474 | AA14: 1.654707 | AB14: 1.685681 | AC14: 1.715283 | AD14: 1.729491 | AE14: 1.751297 | AF14: 1.765245 | AG14: 1.788393 | AH14: 1.811662 | AI14: 1.829423 | AJ14: 0.007
A15: Ethanol used in E85 | B15: Renewable Energy: Marketed Use: Transportation: Ethanol used in E85: Reference case | C15: AEO.2022.REF2022.CNSM_NA_TRN_NA_ETE_NA_NA_QBTU.A | D15: quads | F15: 0.02388 | G15: 0.024522 | H15: 0.022864 | I15: 0.022616 | J15: 0.022372 | K15: 0.021777 | L15: 0.021071 | M15: 0.020277 | N15: 0.019567 | O15: 0.018792 | P15: 0.017954 | Q15: 0.01722 | R15: 0.016794 | S15: 0.015887 | T15: 0.015386 | U15: 0.015355 | V15: 0.015245 | W15: 0.015007 | X15: 0.015038 | Y15: 0.015083 | Z15: 0.01512 | AA15: 0.015291 | AB15: 0.015418 | AC15: 0.015548 | AD15: 0.015729 | AE15: 0.015907 | AF15: 0.016133 | AG15: 0.01639 | AH15: 0.016655 | AI15: 0.016946 | AJ15: -0.012
A16: Ethanol used in Gasoline Blending | B16: Renewable Energy: Marketed Use: Transportation: Ethanol used in Gasoline Blending: Reference case | C16: AEO.2022.REF2022.CNSM_NA_TRN_NA_EBL_NA_NA_QBTU.A | D16: quads | F16: 1.096564 | G16: 1.130419 | H16: 1.169692 | I16: 1.169188 | J16: 1.173701 | K16: 1.17659 | L16: 1.17704 | M16: 1.176579 | N16: 1.177181 | O16: 1.179507 | P16: 1.182875 | Q16: 1.185697 | R16: 1.190464 | S16: 1.195611 | T16: 1.200457 | U16: 1.204376 | V16: 1.209625 | W16: 1.21545 | X16: 1.222369 | Y16: 1.229884 | Z16: 1.237184 | AA16: 1.245143 | AB16: 1.25352 | AC16: 1.262774 | AD16: 1.273024 | AE16: 1.284625 | AF16: 1.296338 | AG16: 1.307989 | AH16: 1.321071 | AI16: 1.335503 | AJ16: 0.007
A17: Biodiesel used in Distillate Blending | B17: Renewable Energy: Marketed Use: Transportation: Biodiesel used in Distillate Blending: Reference case | C17: AEO.2022.REF2022.CNSM_NA_TRN_NA_BUD_NA_NA_QBTU.A | D17: quads | F17: 0.214324 | G17: 0.240857 | H17: 0.165567 | I17: 0.165352 | J17: 0.159718 | K17: 0.158429 | L17: 0.160165 | M17: 0.161367 | N17: 0.164184 | O17: 0.163796 | P17: 0.156588 | Q17: 0.15267 | R17: 0.150928 | S17: 0.151302 | T17: 0.156429 | U17: 0.157215 | V17: 0.160409 | W17: 0.176145 | X17: 0.177494 | Y17: 0.179785 | Z17: 0.183994 | AA17: 0.18618 | AB17: 0.200011 | AC17: 0.213223 | AD17: 0.216842 | AE17: 0.224952 | AF17: 0.229112 | AG17: 0.236551 | AH17: 0.243485 | AI17: 0.247466 | AJ17: 0.005
A18: Biobutanol | B18: Renewable Energy: Marketed Use: Transportation: Biobutanol: Reference case | C18: AEO.2022.REF2022.CNSM_NA_TRN_NA_BIOB_NA_NA_NA.A | D18: quads | F18: 0 | G18: 0 | H18: 0 | I18: 0 | J18: 0 | K18: 0 | L18: 0 | M18: 0 | N18: 0 | O18: 0 | P18: 0 | Q18: 0 | R18: 0 | S18: 0 | T18: 0 | U18: 0 | V18: 0 | W18: 0 | X18: 0 | Y18: 0 | Z18: 0 | AA18: 0 | AB18: 0 | AC18: 0 | AD18: 0 | AE18: 0 | AF18: 0 | AG18: 0 | AH18: 0 | AI18: 0 | AJ18: - -
A19: Liquids from Biomass | B19: Renewable Energy: Marketed Use: Transportation: Liquids from Biomass: Reference case | C19: AEO.2022.REF2022.CNSM_NA_TRN_NA_LFB_NA_NA_QBTU.A | D19: quads | F19: 1.3e-05 | G19: 0 | H19: 0.000247 | I19: 0 | J19: 0.000218 | K19: 0 | L19: 0 | M19: 0 | N19: 0 | O19: 0 | P19: 0.000253 | Q19: 0 | R19: 0 | S19: 0 | T19: 0 | U19: 0 | V19: 0 | W19: 0 | X19: 0 | Y19: 0 | Z19: 0 | AA19: 0 | AB19: 0 | AC19: 0.000253 | AD19: 0 | AE19: 0.000253 | AF19: 0.000248 | AG19: 0.000253 | AH19: 0.000253 | AI19: 0.000253 | AJ19: 0.109
A20: Renewable Diesel and Gasoline | B20: Renewable Energy: Marketed Use: Transportation: Green Liquids: Reference case | C20: AEO.2022.REF2022.CNSM_NA_TRN_NA_GLQ_NA_NA_QBTU.A | D20: quads | F20: 0.146303 | G20: 0.200174 | H20: 0.211747 | I20: 0.211891 | J20: 0.211649 | K20: 0.209803 | L20: 0.207353 | M20: 0.206393 | N20: 0.202829 | O20: 0.200481 | P20: 0.203543 | Q20: 0.204356 | R20: 0.200594 | S20: 0.194884 | T20: 0.201059 | U20: 0.191101 | V20: 0.190988 | W20: 0.207028 | X20: 0.203521 | Y20: 0.194843 | Z20: 0.204176 | AA20: 0.208094 | AB20: 0.216732 | AC20: 0.223486 | AD20: 0.223896 | AE20: 0.225561 | AF20: 0.223414 | AG20: 0.22721 | AH20: 0.230199 | AI20: 0.229255 | AJ20: 0.016
A21: Electric Power | B21: Renewable Energy: Marketed Use: Electric Power: Reference case | C21: AEO.2022.REF2022.CNSM_NA_ELEP_NA_NA_NA_NA_QBTU.A | D21: quads | F21: 7.164837 | G21: 7.95489 | H21: 8.60901 | I21: 9.667582 | J21: 10.268406 | K21: 10.528873 | L21: 10.6873 | M21: 10.936319 | N21: 11.463621 | O21: 11.873926 | P21: 12.113972 | Q21: 12.317896 | R21: 12.656253 | S21: 13.125913 | T21: 13.512785 | U21: 13.861454 | V21: 14.081444 | W21: 14.214426 | X21: 14.396395 | Y21: 14.565773 | Z21: 14.657819 | AA21: 14.808374 | AB21: 15.045956 | AC21: 15.162731 | AD21: 15.315306 | AE21: 15.491807 | AF21: 15.70385 | AG21: 15.925936 | AH21: 16.170849 | AI21: 16.416498 | AJ21: 0.029
A22: Conventional Hydroelectric Power | B22: Renewable Energy: Marketed Use: Electric Power: Hydropower: Reference case | C22: AEO.2022.REF2022.CNSM_NA_ELEP_NA_HYD_CNV_NA_QBTU.A | D22: quads | F22: 2.278509 | G22: 2.386126 | H22: 2.506349 | I22: 2.597265 | J22: 2.547893 | K22: 2.521233 | L22: 2.505932 | M22: 2.481081 | N22: 2.470032 | O22: 2.448954 | P22: 2.437599 | Q22: 2.429201 | R22: 2.416351 | S22: 2.407975 | T22: 2.390304 | U22: 2.377386 | V22: 2.363961 | W22: 2.350256 | X22: 2.336961 | Y22: 2.336046 | Z22: 2.331888 | AA22: 2.31647 | AB22: 2.302012 | AC22: 2.299827 | AD22: 2.290988 | AE22: 2.284513 | AF22: 2.278644 | AG22: 2.245361 | AH22: 2.230556 | AI22: 2.227889 | AJ22: -0.001
A23: Geothermal | B23: Renewable Energy: Marketed Use: Electric Power: Geothermal: Reference case | C23: AEO.2022.REF2022.CNSM_NA_ELEP_NA_GEOTHM_NA_NA_QBTU.A | D23: quads | F23: 0.139767 | G23: 0.140145 | H23: 0.139517 | I23: 0.13769 | J23: 0.144374 | K23: 0.152013 | L23: 0.161825 | M23: 0.171325 | N23: 0.182837 | O23: 0.192774 | P23: 0.202227 | Q23: 0.215724 | R23: 0.226798 | S23: 0.240608 | T23: 0.252648 | U23: 0.265345 | V23: 0.276736 | W23: 0.28721 | X23: 0.297147 | Y23: 0.307823 | Z23: 0.316766 | AA23: 0.322668 | AB23: 0.328969 | AC23: 0.337832 | AD23: 0.345586 | AE23: 0.351624 | AF23: 0.355346 | AG23: 0.358731 | AH23: 0.362486 | AI23: 0.365868 | AJ23: 0.034
A24: Biogenic Municipal Waste | B24: Renewable Energy: Marketed Use: Electric Power: Biogenic Municipal Waste: Reference case | C24: AEO.2022.REF2022.CNSM_NA_ELEP_NA_BGM_NA_NA_QBTU.A | D24: quads | F24: 0.281054 | G24: 0.281471 | H24: 0.297916 | I24: 0.309257 | J24: 0.318267 | K24: 0.32755 | L24: 0.340255 | M24: 0.345118 | N24: 0.35495 | O24: 0.363817 | P24: 0.373888 | Q24: 0.387101 | R24: 0.40103 | S24: 0.408984 | T24: 0.422672 | U24: 0.43479 | V24: 0.445378 | W24: 0.460285 | X24: 0.46768 | Y24: 0.475504 | Z24: 0.485565 | AA24: 0.494466 | AB24: 0.50627 | AC24: 0.514772 | AD24: 0.521608 | AE24: 0.527975 | AF24: 0.54013 | AG24: 0.54455 | AH24: 0.557815 | AI24: 0.565178 | AJ24: 0.024
A25: Biomass | B25: Renewable Energy: Marketed Use: Electric Power: Biomass: Reference case | C25: AEO.2022.REF2022.CNSM_NA_ELEP_NA_BMS_NA_NA_QBTU.A | D25: quads | F25: 0.205146 | G25: 0.192008 | H25: 0.188325 | I25: 0.181888 | J25: 0.186007 | K25: 0.18369 | L25: 0.180898 | M25: 0.172945 | N25: 0.173301 | O25: 0.171745 | P25: 0.175047 | Q25: 0.174542 | R25: 0.177776 | S25: 0.177446 | T25: 0.175941 | U25: 0.17483 | V25: 0.17528 | W25: 0.175844 | X25: 0.175573 | Y25: 0.175385 | Z25: 0.175217 | AA25: 0.174436 | AB25: 0.1746 | AC25: 0.174804 | AD25: 0.174806 | AE25: 0.174621 | AF25: 0.174744 | AG25: 0.174755 | AH25: 0.17454 | AI25: 0.174565 | AJ25: -0.006
A26: Dedicated Plants | B26: Renewable Energy: Marketed Use: Electric Power: Biomass: Dedicated Plants: Reference case | C26: AEO.2022.REF2022.CNSM_NA_ELEP_NA_DPE_NA_NA_QBTU.A | D26: quads | F26: 0.169064 | G26: 0.158647 | H26: 0.156547 | I26: 0.15044 | J26: 0.149862 | K26: 0.149761 | L26: 0.149678 | M26: 0.14295 | N26: 0.142392 | O26: 0.142117 | P26: 0.144788 | Q26: 0.143838 | R26: 0.146949 | S26: 0.146946 | T26: 0.145868 | U26: 0.145283 | V26: 0.145349 | W26: 0.145438 | X26: 0.145131 | Y26: 0.145375 | Z26: 0.145376 | AA26: 0.144652 | AB26: 0.144549 | AC26: 0.144369 | AD26: 0.144376 | AE26: 0.144205 | AF26: 0.144311 | AG26: 0.144322 | AH26: 0.144137 | AI26: 0.144156 | AJ26: -0.005
A27: Cofiring | B27: Renewable Energy: Marketed Use: Electric Power: Biomass: Cofiring: Reference case | C27: AEO.2022.REF2022.CNSM_NA_ELEP_NA_CFR_NA_NA_QBTU.A | D27: quads | F27: 0.036083 | G27: 0.033361 | H27: 0.031778 | I27: 0.031448 | J27: 0.036145 | K27: 0.033929 | L27: 0.03122 | M27: 0.029995 | N27: 0.030909 | O27: 0.029628 | P27: 0.030259 | Q27: 0.030703 | R27: 0.030826 | S27: 0.0305 | T27: 0.030073 | U27: 0.029548 | V27: 0.029931 | W27: 0.030406 | X27: 0.030442 | Y27: 0.030011 | Z27: 0.029841 | AA27: 0.029784 | AB27: 0.030051 | AC27: 0.030434 | AD27: 0.03043 | AE27: 0.030416 | AF27: 0.030432 | AG27: 0.030433 | AH27: 0.030403 | AI27: 0.030409 | AJ27: -0.006
A28: Solar Thermal | B28: Renewable Energy: Marketed Use: Electric Power: Solar Thermal: Reference case | C28: AEO.2022.REF2022.CNSM_NA_ELEP_NA_SLR_THERM_NA_QBTU.A | D28: quads | F28: 0.028909 | G28: 0.027994 | H28: 0.026036 | I28: 0.025486 | J28: 0.025027 | K28: 0.024038 | L28: 0.023782 | M28: 0.024011 | N28: 0.023512 | O28: 0.023401 | P28: 0.022885 | Q28: 0.023164 | R28: 0.023164 | S28: 0.023089 | T28: 0.023039 | U28: 0.023255 | V28: 0.022916 | W28: 0.02235 | X28: 0.022423 | Y28: 0.021824 | Z28: 0.022436 | AA28: 0.020022 | AB28: 0.022952 | AC28: 0.020869 | AD28: 0.020237 | AE28: 0.020551 | AF28: 0.020455 | AG28: 0.020353 | AH28: 0.019676 | AI28: 0.022031 | AJ28: -0.009
A29: Solar Photovoltaic | B29: Renewable Energy: Marketed Use: Electric Power: Solar Photovoltaic: Reference case | C29: AEO.2022.REF2022.CNSM_NA_ELEP_NA_SLR_PHTVL_NA_QBTU.A | D29: quads | F29: 0.910082 | G29: 1.204032 | H29: 1.599433 | I29: 2.396997 | J29: 2.642442 | K29: 2.773188 | L29: 2.90058 | M29: 3.140108 | N29: 3.591925 | O29: 3.819357 | P29: 4.001662 | Q29: 4.18863 | R29: 4.519379 | S29: 4.849735 | T29: 5.046693 | U29: 5.304826 | V29: 5.476848 | W29: 5.59964 | X29: 5.779035 | Y29: 5.906889 | Z29: 5.969163 | AA29: 6.080739 | AB29: 6.234192 | AC29: 6.350657 | AD29: 6.492189 | AE29: 6.600983 | AF29: 6.766973 | AG29: 6.998704 | AH29: 7.205952 | AI29: 7.372166 | AJ29: 0.075
A30: Wind | B30: Renewable Energy: Marketed Use: Electric Power: Wind: Reference case | C30: AEO.2022.REF2022.CNSM_NA_ELEP_NA_WND_NA_NA_QBTU.A | D30: quads | F30: 3.321371 | G30: 3.723115 | H30: 3.851433 | I30: 4.018998 | J30: 4.404397 | K30: 4.54716 | L30: 4.574028 | M30: 4.601732 | N30: 4.667064 | O30: 4.853878 | P30: 4.900664 | Q30: 4.899534 | R30: 4.891755 | S30: 5.018075 | T30: 5.201488 | U30: 5.281021 | V30: 5.320325 | W30: 5.318841 | X30: 5.317576 | Y30: 5.342301 | Z30: 5.356784 | AA30: 5.399573 | AB30: 5.476961 | AC30: 5.463971 | AD30: 5.469892 | AE30: 5.53154 | AF30: 5.567556 | AG30: 5.583482 | AH30: 5.619822 | AI30: 5.6888 | AJ30: 0.019
A31: Total Marketed Renewable Energy | B31: Renewable Energy: Total Marketed Renewable Energy Use: Reference case | C31: AEO.2022.REF2022.CNSM_NA_NA_NA_NA_NA_NA_QBTU.A | D31: quads | F31: 11.730729 | G31: 12.689444 | H31: 13.254916 | I31: 14.335429 | J31: 14.964892 | K31: 15.237675 | L31: 15.4002 | M31: 15.65656 | N31: 16.193329 | O31: 16.614742 | P31: 16.863588 | Q31: 17.073269 | R31: 17.41572 | S31: 17.887474 | T31: 18.293209 | U31: 18.641125 | V31: 18.87718 | W31: 19.057791 | X31: 19.254635 | Y31: 19.444103 | Z31: 19.5735 | AA31: 19.756783 | AB31: 20.04492 | AC31: 20.208197 | AD31: 20.3911 | AE31: 20.611523 | AF31: 20.856146 | AG31: 21.124939 | AH31: 21.413647 | AI31: 21.704933 | AJ31: 0.021
A32: Sources of Ethanol
A33: From Corn and Other Starch | B33: Renewable Energy: Sources of Ethanol: From Corn: Reference case | C33: AEO.2022.REF2022.SUP_PRD_FCO_NA_ETH_NA_NA_QBTU.A | D33: quads | F33: 1.21785 | G33: 1.260142 | H33: 1.333862 | I33: 1.336415 | J33: 1.351975 | K33: 1.357633 | L33: 1.361493 | M33: 1.364473 | N33: 1.364559 | O33: 1.374466 | P33: 1.381244 | Q33: 1.388113 | R33: 1.397095 | S33: 1.406098 | T33: 1.415326 | U33: 1.424217 | V33: 1.434494 | W33: 1.445341 | X33: 1.457672 | Y33: 1.481548 | Z33: 1.494822 | AA33: 1.50903 | AB33: 1.52377 | AC33: 1.53978 | AD33: 1.556515 | AE33: 1.575252 | AF33: 1.59407 | AG33: 1.62578 | AH33: 1.64666 | AI33: 1.669157 | AJ33: 0.011
A34: From Cellulose | B34: Renewable Energy: Sources of Ethanol: From Cellulose: Reference case | C34: AEO.2022.REF2022.SUP_PRD_FCE_NA_ETH_NA_NA_QBTU.A | D34: quads | F34: 0.001414 | G34: 0.000689 | H34: 0.000468 | I34: 0.00071 | J34: 0.000496 | K34: 0.00071 | L34: 0.00071 | M34: 0.00071 | N34: 0.00071 | O34: 0.00071 | P34: 0.000463 | Q34: 0.00071 | R34: 0.00071 | S34: 0.00071 | T34: 0.00071 | U34: 0.00071 | V34: 0.00071 | W34: 0.00071 | X34: 0.00071 | Y34: 0.00071 | Z34: 0.00071 | AA34: 0.00071 | AB34: 0.00071 | AC34: 0.000463 | AD34: 0.00071 | AE34: 0.000463 | AF34: 0.000467 | AG34: 0.000463 | AH34: 0.000463 | AI34: 0.000463 | AJ34: -0.038
A35: Net Imports | B35: Renewable Energy: Sources of Ethanol: Net Imports: Reference case | C35: AEO.2022.REF2022.SUP_NETIMP_NA_NA_ETH_NA_NA_QBTU.A | D35: quads | F35: -0.09882 | G35: -0.10589 | H35: -0.141775 | I35: -0.14532 | J35: -0.156399 | K35: -0.159976 | L35: -0.164093 | M35: -0.168328 | N35: -0.168521 | O35: -0.176878 | P35: -0.180877 | Q35: -0.185906 | R35: -0.190548 | S35: -0.19531 | T35: -0.200193 | U35: -0.205196 | V35: -0.210335 | W35: -0.215595 | X35: -0.220975 | Y35: -0.237292 | Z35: -0.243228 | AA35: -0.249306 | AB35: -0.255543 | AC35: -0.261921 | AD35: -0.268473 | AE35: -0.275183 | AF35: -0.282066 | AG35: -0.301864 | AH35: -0.309397 | AI35: -0.317171 | AJ35: 0.041
A36: Total U.S. Supply of Ethanol | B36: Renewable Energy: Total U.S. Supply of Ethanol: Reference case | C36: AEO.2022.REF2022.SUP_NA_NA_NA_ETH_NA_NA_QBTU.A | D36: quads | F36: 1.120444 | G36: 1.15494 | H36: 1.192555 | I36: 1.191805 | J36: 1.196072 | K36: 1.198367 | L36: 1.198111 | M36: 1.196856 | N36: 1.196748 | O36: 1.198299 | P36: 1.200829 | Q36: 1.202916 | R36: 1.207257 | S36: 1.211498 | T36: 1.215843 | U36: 1.219731 | V36: 1.224869 | W36: 1.230456 | X36: 1.237407 | Y36: 1.244966 | Z36: 1.252304 | AA36: 1.260433 | AB36: 1.268938 | AC36: 1.278322 | AD36: 1.288753 | AE36: 1.300532 | AF36: 1.312471 | AG36: 1.324379 | AH36: 1.337726 | AI36: 1.352449 | AJ36: 0.007
A37: Nonmarketed Renewable Energy
A38: Selected Consumption
A39: Residential | B39: Renewable Energy: Nonmarketed Selected Use: Residential: Reference case | C39: AEO.2022.REF2022.CNSM_NA_RESD_NA_NA_NA_NA_QBTU.A | D39: quads | F39: 0.340788 | G39: 0.381309 | H39: 0.419325 | I39: 0.442722 | J39: 0.467823 | K39: 0.490065 | L39: 0.516998 | M39: 0.544956 | N39: 0.572551 | O39: 0.60084 | P39: 0.633196 | Q39: 0.664056 | R39: 0.697855 | S39: 0.731961 | T39: 0.767872 | U39: 0.80532 | V39: 0.846867 | W39: 0.890039 | X39: 0.937502 | Y39: 0.986676 | Z39: 1.035265 | AA39: 1.089061 | AB39: 1.148234 | AC39: 1.205276 | AD39: 1.26791 | AE39: 1.331056 | AF39: 1.398572 | AG39: 1.474351 | AH39: 1.555907 | AI39: 1.63301 | AJ39: 0.056
A40: Solar Hot Water Heating | B40: Renewable Energy: Nonmarketed Selected Use: Residential: Solar Hot Water Heating: Reference case | C40: AEO.2022.REF2022.CNSM_NA_RESD_NA_SHW_NA_NA_QBTU.A | D40: quads | F40: 0.048449 | G40: 0.054094 | H40: 0.057747 | I40: 0.05701 | J40: 0.056903 | K40: 0.056573 | L40: 0.056635 | M40: 0.056603 | N40: 0.056563 | O40: 0.056604 | P40: 0.0569 | Q40: 0.057071 | R40: 0.057255 | S40: 0.057186 | T40: 0.057152 | U40: 0.057105 | V40: 0.057269 | W40: 0.057571 | X40: 0.057897 | Y40: 0.058241 | Z40: 0.05843 | AA40: 0.058646 | AB40: 0.058917 | AC40: 0.05919 | AD40: 0.059469 | AE40: 0.059692 | AF40: 0.060043 | AG40: 0.060541 | AH40: 0.061066 | AI40: 0.06133 | AJ40: 0.008
A41: Geothermal Heat Pumps | B41: Renewable Energy: Nonmarketed Selected Use: Residential: Geothermal Heat Pumps: Reference case | C41: AEO.2022.REF2022.CNSM_NA_RESD_NA_GEHP_NA_NA_QBTU.A | D41: quads | F41: 0.013932 | G41: 0.015856 | H41: 0.017782 | I41: 0.018918 | J41: 0.020092 | K41: 0.021168 | L41: 0.022105 | M41: 0.022982 | N41: 0.023714 | O41: 0.024543 | P41: 0.02525 | Q41: 0.025889 | R41: 0.026539 | S41: 0.027041 | T41: 0.027588 | U41: 0.028109 | V41: 0.028678 | W41: 0.029276 | X41: 0.029917 | Y41: 0.030578 | Z41: 0.031275 | AA41: 0.032049 | AB41: 0.032847 | AC41: 0.03365 | AD41: 0.034512 | AE41: 0.035467 | AF41: 0.03645 | AG41: 0.037479 | AH41: 0.038463 | AI41: 0.039398 | AJ41: 0.036
A42: Solar Photovoltaic | B42: Renewable Energy: Nonmarketed Selected Use: Residential: Solar Photovoltaic: Reference case | C42: AEO.2022.REF2022.CNSM_NA_RESD_NA_SLR_PHTVL_NA_QBTU.A | D42: quads | F42: 0.278235 | G42: 0.311187 | H42: 0.343626 | I42: 0.366625 | J42: 0.390661 | K42: 0.41216 | L42: 0.438094 | M42: 0.465208 | N42: 0.492111 | O42: 0.519531 | P42: 0.550885 | Q42: 0.580936 | R42: 0.6139 | S42: 0.647575 | T42: 0.682971 | U42: 0.719947 | V42: 0.760761 | W42: 0.803033 | X42: 0.849529 | Y42: 0.897696 | Z42: 0.945398 | AA42: 0.998203 | AB42: 1.056304 | AC42: 1.112269 | AD42: 1.173759 | AE42: 1.235726 | AF42: 1.301906 | AG42: 1.376155 | AH42: 1.456199 | AI42: 1.532102 | AJ42: 0.061
A43: Wind | B43: Renewable Energy: Nonmarketed Selected Use: Residential: Wind: Reference case | C43: AEO.2022.REF2022.CNSM_NA_RESD_NA_WND_NA_NA_QBTU.A | D43: quads | F43: 0.000172 | G43: 0.000172 | H43: 0.00017 | I43: 0.000168 | J43: 0.000166 | K43: 0.000165 | L43: 0.000163 | M43: 0.000163 | N43: 0.000162 | O43: 0.000162 | P43: 0.000161 | Q43: 0.000161 | R43: 0.000161 | S43: 0.00016 | T43: 0.00016 | U43: 0.000159 | V43: 0.000159 | W43: 0.000159 | X43: 0.00016 | Y43: 0.00016 | Z43: 0.000162 | AA43: 0.000164 | AB43: 0.000166 | AC43: 0.000168 | AD43: 0.00017 | AE43: 0.000172 | AF43: 0.000174 | AG43: 0.000176 | AH43: 0.000178 | AI43: 0.00018 | AJ43: 0.002
A44: Commercial | B44: Renewable Energy: Nonmarketed Selected Use: Commercial: Reference case | C44: AEO.2022.REF2022.CNSM_NA_COMM_NA_NA_NA_NA_QBTU.A | D44: quads | F44: 0.277712 | G44: 0.303797 | H44: 0.329624 | I44: 0.353229 | J44: 0.369633 | K44: 0.385591 | L44: 0.401663 | M44: 0.413507 | N44: 0.427367 | O44: 0.436791 | P44: 0.452345 | Q44: 0.462469 | R44: 0.476822 | S44: 0.488171 | T44: 0.492936 | U44: 0.507363 | V44: 0.522682 | W44: 0.537165 | X44: 0.559249 | Y44: 0.57864 | Z44: 0.594006 | AA44: 0.613066 | AB44: 0.634684 | AC44: 0.648023 | AD44: 0.670766 | AE44: 0.698938 | AF44: 0.716246 | AG44: 0.742546 | AH44: 0.765136 | AI44: 0.779352 | AJ44: 0.036
A45: Solar Thermal | B45: Renewable Energy: Nonmarketed Selected Use: Commercial: Solar Thermal: Reference case | C45: AEO.2022.REF2022.CNSM_NA_COMM_NA_SLR_THERM_NA_QBTU.A | D45: quads | F45: 0.074183 | G45: 0.074353 | H45: 0.073995 | I45: 0.073537 | J45: 0.073187 | K45: 0.072388 | L45: 0.071845 | M45: 0.071635 | N45: 0.071162 | O45: 0.070907 | P45: 0.070789 | Q45: 0.070553 | R45: 0.070317 | S45: 0.069873 | T45: 0.069681 | U45: 0.069468 | V45: 0.069444 | W45: 0.069438 | X45: 0.069481 | Y45: 0.069456 | Z45: 0.069377 | AA45: 0.069353 | AB45: 0.06942 | AC45: 0.069337 | AD45: 0.069344 | AE45: 0.069266 | AF45: 0.069271 | AG45: 0.06939 | AH45: 0.069554 | AI45: 0.069539 | AJ45: -0.002
A46: Solar Photovoltaic | B46: Renewable Energy: Nonmarketed Selected Use: Commercial: Solar Photovoltaic: Reference case | C46: AEO.2022.REF2022.CNSM_NA_COMM_NA_SLR_PHTVL_NA_QBTU.A | D46: quads | F46: 0.196642 | G46: 0.222504 | H46: 0.248763 | I46: 0.272913 | J46: 0.289732 | K46: 0.306542 | L46: 0.32318 | M46: 0.335246 | N46: 0.349611 | O46: 0.359294 | P46: 0.374968 | Q46: 0.385343 | R46: 0.399928 | S46: 0.411719 | T46: 0.416694 | U46: 0.431358 | V46: 0.44671 | W46: 0.461205 | X46: 0.483238 | Y46: 0.502668 | Z46: 0.518121 | AA46: 0.537185 | AB46: 0.558727 | AC46: 0.572159 | AD46: 0.594901 | AE46: 0.623149 | AF46: 0.640454 | AG46: 0.666619 | AH46: 0.689042 | AI46: 0.703276 | AJ46: 0.045
A47: Wind | B47: Renewable Energy: Nonmarketed Selected Use: Commercial: Wind: Reference case | C47: AEO.2022.REF2022.CNSM_NA_COMM_NA_WND_NA_NA_QBTU.A | D47: quads | F47: 0.006888 | G47: 0.00694 | H47: 0.006866 | I47: 0.006779 | J47: 0.006714 | K47: 0.006661 | L47: 0.006638 | M47: 0.006625 | N47: 0.006595 | O47: 0.00659 | P47: 0.006587 | Q47: 0.006572 | R47: 0.006577 | S47: 0.006578 | T47: 0.006561 | U47: 0.006537 | V47: 0.006528 | W47: 0.006521 | X47: 0.00653 | Y47: 0.006516 | Z47: 0.006508 | AA47: 0.006528 | AB47: 0.006537 | AC47: 0.006527 | AD47: 0.006521 | AE47: 0.006522 | AF47: 0.006521 | AG47: 0.006536 | AH47: 0.00654 | AI47: 0.006537 | AJ47: -0.002

Sheet AEO 2023 Table 36 Raw
A1: Table 36. Transportation Sector Energy Use by Fuel Type Within a Mode
A2: https://www.eia.gov/outlooks/aeo/data/browser/#/?id=46-AEO2023&sourcekey=0
A3: Mon Apr 17 2023 13:56:35 GMT-0400 (Eastern Daylight Time)
A4: Source: U.S. Energy Information Administration
B5: full name | C5: api key | D5: units | E5: 2021 | F5: 2022 | G5: 2023 | H5: 2024 | I5: 2025 | J5: 2026 | K5: 2027 | L5: 2028 | M5: 2029 | N5: 2030 | O5: 2031 | P5: 2032 | Q5: 2033 | R5: 2034 | S5: 2035 | T5: 2036 | U5: 2037 | V5: 2038 | W5: 2039 | X5: 2040 | Y5: 2041 | Z5: 2042 | AA5: 2043 | AB5: 2044 | AC5: 2045 | AD5: 2046 | AE5: 2047 | AF5: 2048 | AG5: 2049 | AH5: 2050 | AI5: Growth (2022-2050)
A6: Light-Duty Vehicle | B6: Transportation Energy Use: Light-Duty Vehicle: Total: Reference case | C6: AEO.2023.REF2023.CNSM_NA_TRN_LDTY_NA_NA_NA_TRLBTU.A | D6: trillion Btu | F6: 14541.973 | G6: 14586.113 | H6: 14429.691 | I6: 14201.925 | J6: 14016.908 | K6: 13860.762 | L6: 13679.086 | M6: 13473.831 | N6: 13253.083 | O6: 13044.085 | P6: 12836.978 | Q6: 12674.038 | R6: 12534.655 | S6: 12394.663 | T6: 12251.547 | U6: 12130.821 | V6: 12028.415 | W6: 11933.922 | X6: 11864.001 | Y6: 11805.396 | Z6: 11762.741 | AA6: 11733.644 | AB6: 11725.386 | AC6: 11735.774 | AD6: 11770.763 | AE6: 11824.349 | AF6: 11889.715 | AG6: 11962.909 | AH6: 12054.454 | AI6: -0.007
A7: Motor Gasoline excluding E85 | B7: Transportation Energy Use: Light-Duty Vehicle: Motor Gasoline: Reference case | C7: AEO.2023.REF2023.CNSM_NA_TRN_LDTY_MGS_NA_NA_TRLBTU.A | D7: trillion Btu | F7: 14415.272 | G7: 14443.936 | H7: 14272.424 | I7: 14024.321 | J7: 13815.495 | K7: 13632.25 | L7: 13419.692 | M7: 13179.96 | N7: 12922.15 | O7: 12678.574 | P7: 12437.037 | Q7: 12238.959 | R7: 12063.409 | S7: 11887.983 | T7: 11710.702 | U7: 11556.08 | V7: 11421.213 | W7: 11295.929 | X7: 11196.766 | Y7: 11110.767 | Z7: 11042.225 | AA7: 10988.435 | AB7: 10958.348 | AC7: 10949.109 | AD7: 10963.974 | AE7: 10998.307 | AF7: 11045.134 | AG7: 11100.26 | AH7: 11174.06 | AI7: -0.009
A8: E85 | B8: Transportation Energy Use: Light-Duty Vehicle: Ethanol: Reference case | C8: AEO.2023.REF2023.CNSM_NA_TRN_LDTY_ETH_NA_NA_TRLBTU.A | D8: trillion Btu | F8: 31.110834 | G8: 31.64006 | H8: 29.552767 | I8: 29.441513 | J8: 28.728485 | K8: 27.952177 | L8: 27.018059 | M8: 25.972713 | N8: 24.873795 | O8: 23.80064 | P8: 22.75461 | Q8: 21.823027 | R8: 20.987984 | S8: 20.244169 | T8: 19.537762 | U8: 19.024712 | V8: 18.648621 | W8: 18.39851 | X8: 18.275644 | Y8: 18.222813 | Z8: 18.236134 | AA8: 18.340065 | AB8: 18.452595 | AC8: 18.609615 | AD8: 18.756809 | AE8: 19.004078 | AF8: 19.229309 | AG8: 19.515997 | AH8: 19.788425 | AI8: -0.016
A9: Distillate Fuel Oil (diesel) | B9: Transportation Energy Use: Light-Duty Vehicle: Distillate Fuel Oil: Reference case | C9: AEO.2023.REF2023.CNSM_NA_TRN_LDTY_DFO_NA_NA_TRLBTU.A | D9: trillion Btu | F9: 61.460403 | G9: 64.69902 | H9: 67.503647 | I9: 70.684074 | J9: 74.503555 | K9: 77.63253 | L9: 81.324982 | M9: 84.520767 | N9: 86.959732 | O9: 89.758049 | P9: 91.490158 | Q9: 93.247543 | R9: 95.158997 | S9: 96.641708 | T9: 98.053238 | U9: 99.8647 | V9: 101.3619 | W9: 102.78562 | X9: 104.47522 | Y9: 105.74961 | Z9: 107.32461 | AA9: 109.77927 | AB9: 110.92001 | AC9: 111.97984 | AD9: 113.44128 | AE9: 115.03706 | AF9: 116.75106 | AG9: 118.59347 | AH9: 120.69574 | AI9: 0.024
A10: Compressed/Liquefied Natural Gas | B10: Transportation Energy Use: Light-Duty Vehicle: Natural Gas: Reference case | C10: AEO.2023.REF2023.CNSM_NA_TRN_LDTY_NG_NA_NA_TRLBTU.A | D10: trillion Btu | F10: 0.712888 | G10: 0.677668 | H10: 0.537752 | I10: 0.515005 | J10: 0.507019 | K10: 0.492443 | L10: 0.481839 | M10: 0.470472 | N10: 0.445942 | O10: 0.443445 | P10: 0.437883 | Q10: 0.433434 | R10: 0.431733 | S10: 0.430499 | T10: 0.427096 | U10: 0.424631 | V10: 0.426227 | W10: 0.378024 | X10: 0.335326 | Y10: 0.340053 | Z10: 0.343781 | AA10: 0.346656 | AB10: 0.349313 | AC10: 0.351864 | AD10: 0.356448 | AE10: 0.36171 | AF10: 0.367786 | AG10: 0.374043 | AH10: 0.381082 | AI10: -0.022
A11: Propane | B11: Transportation Energy Use: Light-Duty Vehicle: Propane: Reference case | C11: AEO.2023.REF2023.CNSM_NA_TRN_LDTY_PROP_NA_NA_TRLBTU.A | D11: trillion Btu | F11: 0.797388 | G11: 0.735487 | H11: 0.547456 | I11: 0.540668 | J11: 0.544193 | K11: 0.561282 | L11: 0.312092 | M11: 0.33014 | N11: 0.384077 | O11: 0.437626 | P11: 0.489719 | Q11: 0.540254 | R11: 0.590177 | S11: 0.638076 | T11: 0.684164 | U11: 0.72876 | V11: 0.771586 | W11: 0.812987 | X11: 0.85285 | Y11: 0.891809 | Z11: 0.930713 | AA11: 0.968622 | AB11: 1.007558 | AC11: 1.048031 | AD11: 1.096531 | AE11: 1.150243 | AF11: 1.209162 | AG11: 1.271896 | AH11: 1.341161 | AI11: 0.019
A12: Electricity | B12: Transportation Energy Use: Light-Duty Vehicle: Electricity: Reference case | C12: AEO.2023.REF2023.CNSM_NA_TRN_LDTY_ELC_NA_NA_TRLBTU.A | D12: trillion Btu | F12: 32.193668 | G12: 43.907116 | H12: 58.529484 | I12: 75.757942 | J12: 96.391159 | K12: 121.06613 | L12: 149.37682 | M12: 181.62849 | N12: 217.24832 | O12: 249.97737 | P12: 283.60272 | Q12: 317.79742 | R12: 352.76804 | S12: 387.34479 | T12: 420.6944 | U12: 453.18622 | V12: 484.42331 | W12: 513.9956 | X12: 541.63086 | Y12: 567.72461 | Z12: 591.9502 | AA12: 614.02081 | AB12: 634.53888 | AC12: 652.89734 | AD12: 671.34821 | AE12: 688.6897 | AF12: 705.21576 | AG12: 721.08112 | AH12: 736.37286 | AI12: 0.118
A13: Hydrogen | B13: Transportation Energy Use: Light-Duty Vehicle: Hydrogen: Reference case | C13: AEO.2023.REF2023.CNSM_NA_TRN_LDTY_HDG_NA_NA_TRLBTU.A | D13: trillion Btu | F13: 0.426139 | G13: 0.518183 | H13: 0.595767 | I13: 0.665118 | J13: 0.737872 | K13: 0.80678 | L13: 0.879698 | M13: 0.948358 | N13: 1.020552 | O13: 1.093446 | P13: 1.165657 | Q13: 1.237105 | R13: 1.309695 | S13: 1.380918 | T13: 1.447488 | U13: 1.512508 | V13: 1.570883 | W13: 1.623062 | X13: 1.665691 | Y13: 1.699897 | Z13: 1.731693 | AA13: 1.753623 | AB13: 1.769871 | AC13: 1.779117 | AD13: 1.789497 | AE13: 1.800149 | AF13: 1.807713 | AG13: 1.813287 | AH13: 1.816777 | AI13: 0.053
A14: Commercial Light Trucks | B14: Transportation Energy Use: Commercial Light Trucks: Total: Reference case | C14: AEO.2023.REF2023.CNSM_NA_TRN_CLTR_NA_NA_NA_TRLBTU.A | D14: trillion Btu | F14: 951.50281 | G14: 942.55829 | H14: 925.34039 | I14: 912.45154 | J14: 903.11096 | K14: 894.80664 | L14: 888.38452 | M14: 882.9956 | N14: 877.03247 | O14: 872.79089 | P14: 871.79065 | Q14: 871.86755 | R14: 873.03363 | S14: 875.07349 | T14: 877.49945 | U14: 881.02332 | V14: 885.54096 | W14: 889.79608 | X14: 896.14636 | Y14: 903.92438 | Z14: 911.92645 | AA14: 919.0462 | AB14: 925.474 | AC14: 932.77234 | AD14: 941.2807 | AE14: 951.49884 | AF14: 960.51416 | AG14: 969.5788 | AH14: 981.5957 | AI14: 0.001
A15: Motor Gasoline excluding E85 | B15: Transportation Energy Use: Commercial Light Trucks: Motor Gasoline: Reference case | C15: AEO.2023.REF2023.CNSM_NA_TRN_CLTR_MGS_NA_NA_TRLBTU.A | D15: trillion Btu | F15: 657.76746 | G15: 651.25983 | H15: 640.80762 | I15: 634.44543 | J15: 630.82428 | K15: 624.78125 | L15: 620.94763 | M15: 618.08075 | N15: 615.03595 | O15: 613.48315 | P15: 614.07129 | Q15: 615.42194 | R15: 617.64148 | S15: 620.38318 | T15: 623.32221 | U15: 627.02631 | V15: 631.23346 | W15: 635.20404 | X15: 640.80859 | Y15: 646.77948 | Z15: 653.38257 | AA15: 659.03369 | AB15: 663.90283 | AC15: 669.03552 | AD15: 675.10999 | AE15: 682.46606 | AF15: 688.97082 | AG15: 695.63995 | AH15: 704.23315 | AI15: 0.002
A16: E85 | B16: Transportation Energy Use: Commercial Light Trucks: E85: Reference case | C16: AEO.2023.REF2023.CNSM_NA_TRN_CLTR_E85_NA_NA_TRLBTU.A | D16: trillion Btu | F16: 3.51367 | G16: 3.389497 | H16: 2.991625 | I16: 2.903706 | J16: 2.76768 | K16: 2.708098 | L16: 2.664845 | M16: 2.671002 | N16: 2.68058 | O16: 2.705457 | P16: 2.745193 | Q16: 2.803118 | R16: 2.875419 | S16: 2.972388 | T16: 3.075218 | U16: 3.206507 | V16: 3.350161 | W16: 3.50104 | X16: 3.666781 | Y16: 3.843432 | Z16: 4.016943 | AA16: 4.194909 | AB16: 4.354052 | AC16: 4.515519 | AD16: 4.667729 | AE16: 4.835943 | AF16: 4.97936 | AG16: 5.131686 | AH16: 5.282454 | AI16: 0.015
A17: Distillate Fuel Oil (diesel) | B17: Transportation Energy Use: Commercial Light Trucks: Distillate Fuel Oil: Reference case | C17: AEO.2023.REF2023.CNSM_NA_TRN_CLTR_DFO_NA_NA_TRLBTU.A | D17: trillion Btu | F17: 289.12039 | G17: 286.82144 | H17: 280.46921 | I17: 274.07837 | J17: 268.54092 | K17: 266.37576 | L17: 263.84299 | M17: 261.31543 | N17: 258.40118 | O17: 255.69388 | P17: 254.05814 | Q17: 252.70514 | R17: 251.54263 | S17: 250.69047 | T17: 250.00555 | U17: 249.60524 | V17: 249.66022 | W17: 249.65735 | X17: 250.07077 | Y17: 251.50558 | Z17: 252.50731 | AA17: 253.54639 | AB17: 254.6667 | AC17: 256.36206 | AD17: 258.3045 | AE17: 260.63464 | AF17: 262.62152 | AG17: 264.4642 | AH17: 267.30786 | AI17: -0.003
... A19: Compressed/Liquefied Natural Gas | B19: Transportation Energy Use: Commercial Light Trucks: Natural Gas: Reference case | C19: AEO.2023.REF2023.CNSM_NA_TRN_CLTR_NG_NA_NA_TRLBTU.A | D19: trillion Btu | F19: 1.100109 | G19: 1.028096 | H19: 0.954857 | I19: 0.851628 | J19: 0.748517 | K19: 0.657968 | L19: 0.592555 | M19: 0.535011 | N19: 0.478159 | O19: 0.423993 | P19: 0.376664 | Q19: 0.335485 | R19: 0.300891 | S19: 0.271073 | T19: 0.243198 | U19: 0.217586 | V19: 0.194927 | W19: 0.176079 | X19: 0.160581 | Y19: 0.146182 | Z19: 0.133464 | AA19: 0.121475 | AB19: 0.110383 | AC19: 0.099974 | AD19: 0.087947 | AE19: 0.07232 | AF19: 0.057146 | AG19: 0.045076 | AH19: 0.03417 | AI19: -0.117
A20: Electricity | B20: Transportation Energy Use: Commercial Light Trucks: Electricity: Reference case | C20: AEO.2023.REF2023.CNSM_NA_TRN_CLTR_ELC_NA_NA_TRLBTU.A | D20: trillion Btu | F20: 0 | G20: 0 | H20: 0 | I20: 0 | J20: 0 | K20: 0 | L20: 0 | M20: 0 | N20: 0 | O20: 0 | P20: 0 | Q20: 0 | R20: 0 | S20: 0 | T20: 0 | U20: 0 | V20: 0 | W20: 0 | X20: 0 | Y20: 0 | Z20: 0 | AA20: 0 | AB20: 0 | AC20: 0 | AD20: 0 | AE20: 0 | AF20: 0 | AG20: 0 | AH20: 0 | AI20: - -
A21: Hydrogen | B21: Transportation Energy Use: Commercial Light Trucks: Hydrogen: Reference case | C21: AEO.2023.REF2023.CNSM_NA_TRN_CLTR_HDG_NA_NA_TRLBTU.A | D21: trillion Btu | F21: 0 | G21: 0 | H21: 0 | I21: 0 | J21: 0 | K21: 0 | L21: 0 | M21: 0 | N21: 0 | O21: 0 | P21: 0 | Q21: 0 | R21: 0 | S21: 0 | T21: 0 | U21: 0 | V21: 0 | W21: 0 | X21: 0 | Y21: 0 | Z21: 0 | AA21: 0 | AB21: 0 | AC21: 0 | AD21: 0 | AE21: 0 | AF21: 0 | AG21: 0 | AH21: 0 | AI21: - -
A22: Freight Trucks | B22: Transportation Energy Use: Freight Trucks: Total: Reference case | C22: AEO.2023.REF2023.CNSM_NA_TRN_FRTT_NA_NA_NA_TRLBTU.A | D22: trillion Btu | F22: 5922.791 | G22: 5816.7056 | H22: 5728.0952 | I22: 5673.0986 | J22: 5638.8965 | K22: 5591.7085 | L22: 5543.7119 | M22: 5483.6694 | N22: 5422.3887 | O22: 5371.3027 | P22: 5340.1582 | Q22: 5306.5049 | R22: 5278.7798 | S22: 5261.2471 | T22: 5242.999 | U22: 5237.6973 | V22: 5236.3618 | W22: 5238.3042 | X22: 5247.9146 | Y22: 5263.2085 | Z22: 5281.4541 | AA22: 5299.6816 | AB22: 5316.7681 | AC22: 5331.7002 | AD22: 5353.1992 | AE22: 5376.3164 | AF22: 5393.3179 | AG22: 5413.417 | AH22: 5450.0122 | AI22: -0.003
A23: Motor Gasoline | B23: Transportation Energy Use: Freight Trucks: Motor Gasoline: Reference case | C23: AEO.2023.REF2023.CNSM_NA_TRN_FRTT_MGS_NA_NA_TRLBTU.A | D23: trillion Btu | F23: 616.2052 | G23: 611.60089 | H23: 610.37268 | I23: 612.19367 | J23: 616.9259 | K23: 620.02863 | L23: 623.43561 | M23: 626.1109 | N23: 629.31873 | O23: 633.79578 | P23: 641.25617 | Q23: 647.76111 | R23: 654.28461 | S23: 661.13013 | T23: 667.05139 | U23: 674.55737 | V23: 681.19171 | W23: 688.82941 | X23: 697.0672 | Y23: 706.54358 | Z23: 715.97064 | AA23: 725.08044 | AB23: 734.18097 | AC23: 743.18781 | AD23: 753.50971 | AE23: 764.21655 | AF23: 774.0188 | AG23: 784.56543 | AH23: 797.65808 | AI23: 0.009
A24: Distillate Fuel Oil (diesel) | B24: Transportation Energy Use: Freight Trucks: Distillate Fuel Oil: Reference case | C24: AEO.2023.REF2023.CNSM_NA_TRN_FRTT_DFO_NA_NA_TRLBTU.A | D24: trillion Btu | F24: 5252.3306 | G24: 5150.2441 | H24: 5062.3154 | I24: 5004.9751 | J24: 4965.6987 | K24: 4915.5693 | L24: 4864.6592 | M24: 4802.8213 | N24: 4739.4141 | O24: 4684.7788 | P24: 4646.6831 | Q24: 4606.6587 | R24: 4572.083 | S24: 4546.9648 | T24: 4521.8164 | U24: 4507.6465 | V24: 4498.0513 | W24: 4490.4604 | X24: 4489.5615 | Y24: 4492.7368 | Z24: 4498.6597 | AA24: 4504.667 | AB24: 4509.3804 | AC24: 4511.9082 | AD24: 4519.4395 | AE24: 4527.9907 | AF24: 4531.3125 | AG24: 4536.8086 | AH24: 4555.8003 | AI24: -0.005
A25: Compressed/Liquefied Natural Gas | B25: Transportation Energy Use: Freight Trucks: Natural Gas: Reference case | C25: AEO.2023.REF2023.CNSM_NA_TRN_FRTT_NG_NA_NA_TRLBTU.A | D25: trillion Btu | F25: 51.344929 | G25: 51.773193 | H25: 51.965775 | I25: 52.061794 | J25: 52.003609 | K25: 51.453991 | L25: 50.587242 | M25: 49.35791 | N25: 47.935226 | O25: 46.656029 | P25: 45.774757 | Q25: 45.265823 | R25: 45.213749 | S25: 45.570152 | T25: 46.181812 | U25: 47.148071 | V25: 48.373516 | W25: 49.850357 | X25: 51.657871 | Y25: 53.785 | Z25: 56.128628 | AA25: 58.653038 | AB25: 61.32283 | AC25: 64.089226 | AD25: 67.060806 | AE25: 70.195709 | AF25: 73.347763 | AG25: 76.647514 | AH25: 80.336479 | AI25: 0.016
A26: Propane | B26: Transportation Energy Use: Freight Trucks: Propane: Reference case | C26: AEO.2023.REF2023.CNSM_NA_TRN_FRTT_LPG_NA_NA_TRLBTU.A | D26: trillion Btu | F26: 1.245265 | G26: 1.386178 | H26: 1.524881 | I26: 1.656008 | J26: 1.786266 | K26: 1.903707 | L26: 2.010578 | M26: 2.099689 | N26: 2.180499 | O26: 2.260465 | P26: 2.347809 | Q26: 2.440473 | R26: 2.541221 | S26: 2.644983 | T26: 2.752405 | U26: 2.87385 | V26: 3.004591 | W26: 3.149585 | X26: 3.313908 | Y26: 3.500602 | Z26: 3.702072 | AA26: 3.917007 | AB26: 4.141416 | AC26: 4.376885 | AD26: 4.632447 | AE26: 4.901746 | AF26: 5.174631 | AG26: 5.447477 | AH26: 5.745036 | AI26: 0.056
A27: E85 | B27: Transportation Energy Use: Freight Trucks: E85: Reference case | C27: AEO.2023.REF2023.CNSM_NA_TRN_FRTT_E85_NA_NA_TRLBTU.A | D27: trillion Btu | F27: 1.575329 | G27: 1.59209 | H27: 1.542675 | I27: 1.600683 | J27: 1.639342 | K27: 1.678971 | L27: 1.719318 | M27: 1.762707 | N27: 1.813895 | O27: 1.879181 | P27: 1.95436 | Q27: 2.033936 | R27: 2.113308 | S27: 2.196958 | T27: 2.268667 | U27: 2.353445 | V27: 2.433783 | W27: 2.515797 | X27: 2.611985 | Y27: 2.71994 | Z27: 2.833077 | AA27: 2.961128 | AB27: 3.087059 | AC27: 3.218797 | AD27: 3.346063 | AE27: 3.488648 | AF27: 3.617473 | AG27: 3.75576 | AH27: 3.895148 | AI27: 0.033
A28: Electricity | B28: Transportation Energy Use: Freight Trucks: Electricity: Reference case | C28: AEO.2023.REF2023.CNSM_NA_TRN_FRTT_ELC_NA_NA_TRLBTU.A | D28: trillion Btu | F28: 0.090132 | G28: 0.109146 | H28: 0.144005 | I28: 0.163405 | J28: 0.180895 | K28: 0.195757 | L28: 0.208274 | M28: 0.218016 | N28: 0.225574 | O28: 0.231714 | P28: 0.236945 | Q28: 0.240285 | R28: 0.242473 | S28: 0.244232 | T28: 0.245169 | U28: 0.246735 | V28: 0.249455 | W28: 0.25267 | X28: 0.257144 | Y28: 0.263999 | Z28: 0.273114 | AA28: 0.282851 | AB28: 0.293846 | AC28: 0.306597 | AD28: 0.321782 | AE28: 0.338025 | AF28: 0.354865 | AG28: 0.372904 | AH28: 0.39289 | AI28: 0.054
A29: Hydrogen | B29: Transportation Energy Use: Freight Trucks: Hydrogen: Reference case | C29: AEO.2023.REF2023.CNSM_NA_TRN_FRTT_HDG_NA_NA_TRLBTU.A | D29: trillion Btu | F29: 0 | G29: 0 | H29: 0.229727 | I29: 0.447252 | J29: 0.662312 | K29: 0.877515 | L29: 1.09125 | M29: 1.299036 | N29: 1.500679 | O29: 1.700765 | P29: 1.904776 | Q29: 2.104716 | R29: 2.301462 | S29: 2.495941 | T29: 2.683397 | U29: 2.871152 | V29: 3.057535 | W29: 3.245911 | X29: 3.444844 | Y29: 3.658572 | Z29: 3.886771 | AA29: 4.120397 | AB29: 4.36127 | AC29: 4.612166 | AD29: 4.888996 | AE29: 5.184831 | AF29: 5.492115 | AG29: 5.819783 | AH29: 6.18408 | AI29: - -
A30: Freight Rail | B30: Transportation Energy Use: Freight Rail: Total: Reference case | C30: AEO.2023.REF2023.CNSM_NA_TRN_FRAIL_NA_NA_NA_TRLBTU.A | D30: trillion Btu | F30: 481.38171 | G30: 474.82239 | H30: 494.12915 | I30: 482.20422 | J30: 461.88034 | K30: 446.09524 | L30: 439.74536 | M30: 444.5257 | N30: 441.89194 | O30: 443.42331 | P30: 447.43723 | Q30: 450.64798 | R30: 452.66559 | S30: 455.51504 | T30: 455.89371 | U30: 456.86227 | V30: 458.27463 | W30: 457.60877 | X30: 458.12836 | Y30: 461.67325 | Z30: 464.58835 | AA30: 464.93649 | AB30: 464.92282 | AC30: 464.77069 | AD30: 465.76679 | AE30: 468.15533 | AF30: 471.33984 | AG30: 472.59906 | AH30: 475.72867 | AI30: 0
A31: Distillate Fuel Oil (diesel) | B31: Transportation Energy Use: Freight Rail: Distillate Fuel Oil: Reference case | C31: AEO.2023.REF2023.CNSM_NA_TRN_FRAIL_DFO_NA_NA_TRLBTU.A | D31: trillion Btu | F31: 480.86655 | G31: 473.79251 | H31: 492.51502 | I31: 480.10034 | J31: 459.17535 | K31: 442.59573 | L31: 435.20493 | M31: 438.61609 | N31: 434.49127 | O31: 434.25302 | P31: 435.99301 | Q31: 436.48691 | R31: 435.37204 | S31: 434.60773 | T31: 431.05429 | U31: 427.65039 | V31: 424.25372 | W31: 418.55365 | X31: 413.58151 | Y31: 410.94678 | Z31: 407.33847 | AA31: 401.1214 | AB31: 394.29074 | AC31: 387.0668 | AD31: 380.52634 | AE31: 373.70102 | AF31: 367.60938 | AG31: 360.13336 | AH31: 354.19946 | AI31: -0.011
A32: Residual Fuel Oil | B32: Transportation Energy Use: Freight Rail: Residual Fuel Oil: Reference case | C32: AEO.2023.REF2023.CNSM_NA_TRN_FRAIL_RFO_NA_NA_TRLBTU.A | D32: trillion Btu | F32: 0 | G32: 0 | H32: 0 | I32: 0 | J32: 0 | K32: 0 | L32: 0 | M32: 0 | N32: 0 | O32: 0 | P32: 0 | Q32: 0 | R32: 0 | S32: 0 | T32: 0 | U32: 0 | V32: 0 | W32: 0 | X32: 0 | Y32: 0 | Z32: 0 | AA32: 0 | AB32: 0 | AC32: 0 | AD32: 0 | AE32: 0 | AF32: 0 | AG32: 0 | AH32: 0 | AI32: - -
A33: Compressed Natural Gas | B33: Transportation Energy Use: Freight Rail: CNG: Reference case | C33: AEO.2023.REF2023.CNSM_NA_TRN_FRAIL_CNG_NA_NA_TRLBTU.A | D33: trillion Btu | F33: 0 | G33: 0 | H33: 0 | I33: 0 | J33: 0 | K33: 0 | L33: 0 | M33: 0 | N33: 0 | O33: 0 | P33: 0 | Q33: 0 | R33: 0 | S33: 0 | T33: 0 | U33: 0 | V33: 0 | W33: 0 | X33: 0 | Y33: 0 | Z33: 0 | AA33: 0 | AB33: 0 | AC33: 0 | AD33: 0 | AE33: 0 | AF33: 0 | AG33: 0 | AH33: 0 | AI33: - -
A34: Liquefied Natural Gas | B34: Transportation Energy Use: Freight Rail: LNG: Reference case | C34: AEO.2023.REF2023.CNSM_NA_TRN_FRAIL_LNG_NA_NA_TRLBTU.A | D34: trillion Btu | F34: 0.515163 | G34: 1.02989 | H34: 1.614129 | I34: 2.103867 | J34: 2.704991 | K34: 3.499511 | L34: 4.540437 | M34: 5.909603 | N34: 7.400651 | O34: 9.170284 | P34: 11.444215 | Q34: 14.161068 | R34: 17.293554 | S34: 20.907318 | T34: 24.839417 | U34: 29.211893 | V34: 34.020897 | W34: 39.055111 | X34: 44.546833 | Y34: 50.726471 | Z34: 57.249889 | AA34: 63.815086 | AB34: 70.632088 | AC34: 77.703888 | AD34: 85.240448 | AE34: 94.45433 | AF34: 103.73048 | AG34: 112.46571 | AH34: 121.5292 | AI34: 0.215
A35: Domestic Shipping | B35: Transportation Energy Use: Domestic Shipping: Total: Reference case | C35: AEO.2023.REF2023.CNSM_NA_TRN_DMT_NA_NA_NA_TRLBTU.A | D35: trillion Btu | F35: 98.239021 | G35: 98.920753 | H35: 98.114662 | I35: 97.346069 | J35: 96.685867 | K35: 95.823471 | L35: 94.964699 | M35: 93.890503 | N35: 92.919189 | O35: 92.029816 | P35: 91.401108 | Q35: 90.674225 | R35: 89.934029 | S35: 89.168869 | T35: 88.333008 | U35: 87.614967 | V35: 86.833351 | W35: 86.156693 | X35: 85.473595 | Y35: 84.846123 | Z35: 84.273766 | AA35: 83.705399 | AB35: 83.103455 | AC35: 82.418205 | AD35: 81.856209 | AE35: 81.249023 | AF35: 80.57312 | AG35: 79.990395 | AH35: 79.59285 | AI35: -0.007
A36: Distillate Fuel Oil (diesel) | B36: Transportation Energy Use: Domestic Shipping: Distillate Fuel Oil: Reference case | C36: AEO.2023.REF2023.CNSM_NA_TRN_DMT_DFO_NA_NA_TRLBTU.A | D36: trillion Btu | F36: 95.724983 | G36: 96.410873 | H36: 95.648369 | I36: 94.922401 | J36: 94.299675 | K36: 93.480141 | L36: 92.663536 | M36: 91.636002 | N36: 90.709732 | O36: 89.864052 | P36: 89.27182 | Q36: 88.583908 | R36: 87.881882 | S36: 87.15461 | T36: 86.355026 | U36: 85.672012 | V36: 84.929306 | W36: 84.29055 | X36: 83.598648 | Y36: 82.885956 | Z36: 82.221779 | AA36: 81.555756 | AB36: 80.850998 | AC36: 80.05899 | AD36: 79.380051 | AE36: 78.650116 | AF36: 77.846336 | AG36: 77.124741 | AH36: 76.572762 | AI36: -0.008
A37: Residual Oil | B37: Transportation Energy Use: Domestic Shipping: Residual Oil: Reference case | C37: AEO.2023.REF2023.CNSM_NA_TRN_DMT_RFO_NA_NA_TRLBTU.A | D37: trillion Btu | F37: 1.875904 | G37: 1.807883 | H37: 1.713682 | I37: 1.621937 | J37: 1.541314 | K37: 1.455168 | L37: 1.371278 | M37: 1.286325 | N37: 1.199985 | O37: 1.112551 | P37: 1.031564 | Q37: 0.948396 | R37: 0.868606 | S37: 0.791824 | T37: 0.725306 | U37: 0.65481 | V37: 0.575319 | W37: 0.49193 | X37: 0.417902 | Y37: 0.414755 | Z37: 0.411875 | AA37: 0.409016 | AB37: 0.40599 | AC37: 0.402548 | AD37: 0.399741 | AE37: 0.396733 | AF37: 0.393356 | AG37: 0.390453 | AH37: 0.388505 | AI37: -0.055
A38: Compressed Natural Gas | B38: Transportation Energy Use: Domestic Shipping: CNG: Reference case | C38: AEO.2023.REF2023.CNSM_NA_TRN_DMT_CNG_NA_NA_TRLBTU.A | D38: trillion Btu | F38: 0 | G38: 0 | H38: 0 | I38: 0 | J38: 0 | K38: 0 | L38: 0 | M38: 0 | N38: 0 | O38: 0 | P38: 0 | Q38: 0 | R38: 0 | S38: 0 | T38: 0 | U38: 0 | V38: 0 | W38: 0 | X38: 0 | Y38: 0 | Z38: 0 | AA38: 0 | AB38: 0 | AC38: 0 | AD38: 0 | AE38: 0 | AF38: 0 | AG38: 0 | AH38: 0 | AI38: - -
A39: Liquefied Natural Gas | B39: Transportation Energy Use: Domestic Shipping: LNG: Reference case | C39: AEO.2023.REF2023.CNSM_NA_TRN_DMT_LNG_NA_NA_TRLBTU.A | D39: trillion Btu | F39: 0.638131 | G39: 0.702 | H39: 0.752607 | I39: 0.801725 | J39: 0.84488 | K39: 0.888157 | L39: 0.929884 | M39: 0.968181 | N39: 1.009477 | O39: 1.053212 | P39: 1.097725 | Q39: 1.141919 | R39: 1.183538 | S39: 1.222433 | T39: 1.252678 | U39: 1.288148 | V39: 1.328728 | W39: 1.374214 | X39: 1.457046 | Y39: 1.54541 | Z39: 1.640115 | AA39: 1.740627 | AB39: 1.846467 | AC39: 1.956663 | AD39: 2.076418 | AE39: 2.202173 | AF39: 2.333424 | AG39: 2.475207 | AH39: 2.631587 | AI39: 0.052
A40: International Shipping | B40: Transportation Energy Use: International Shipping: Total: Reference case | C40: AEO.2023.REF2023.CNSM_NA_TRN_INTS_NA_NA_NA_TRLBTU.A | D40: trillion Btu | F40: 935.02771 | G40: 881.83038 | H40: 877.7273 | I40: 878.60413 | J40: 871.25031 | K40: 868.44873 | L40: 862.68933 | M40: 859.14197 | N40: 856.6344 | O40: 857.13648 | P40: 857.43701 | Q40: 858.00024 | R40: 857.76019 | S40: 858.2179 | T40: 857.54724 | U40: 857.61346 | V40: 857.63464 | W40: 857.34979 | X40: 857.24542 | Y40: 857.30096 | Z40: 857.82971 | AA40: 857.81982 | AB40: 858.04791 | AC40: 858.06763 | AD40: 860.63342 | AE40: 860.92426 | AF40: 859.83441 | AG40: 859.1217 | AH40: 858.0946 | AI40: -0.003
A41: Distillate Fuel Oil (diesel) | B41: Transportation Energy Use: International Shipping: Distillate Fuel Oil: Reference case | C41: AEO.2023.REF2023.CNSM_NA_TRN_INTS_DFO_NA_NA_TRLBTU.A | D41: trillion Btu | F41: 222.93867 | G41: 318.21375 | H41: 318.50684 | I41: 321.42749 | J41: 326.40894 | K41: 331.7504 | L41: 339.13263 | M41: 343.65381 | N41: 348.44 | O41: 348.61185 | P41: 349.93619 | Q41: 351.71851 | R41: 354.40064 | S41: 355.177 | T41: 356.67023 | U41: 356.87671 | V41: 358.82895 | W41: 358.93921 | X41: 360.5722 | Y41: 361.26196 | Z41: 361.28479 | AA41: 360.64624 | AB41: 360.38776 | AC41: 360.0556 | AD41: 358.46176 | AE41: 357.26376 | AF41: 357.07413 | AG41: 355.22809 | AH41: 354.51148 | AI41: 0.017
A42: Residual Oil | B42: Transportation Energy Use: International Shipping: Residual Oil: Reference case | C42: AEO.2023.REF2023.CNSM_NA_TRN_INTS_RFO_NA_NA_TRLBTU.A | D42: trillion Btu | F42: 685.66516 | G42: 532.14972 | H42: 519.35321 | I42: 520.34845 | J42: 497.46442 | K42: 487.75363 | L42: 469.75632 | M42: 458.26987 | N42: 449.82733 | O42: 449.95633 | P42: 449.27518 | Q42: 449.44376 | R42: 447.34497 | S42: 447.23685 | T42: 444.02316 | U42: 442.96899 | V42: 441.81567 | W42: 439.63165 | X42: 437.97662 | Y42: 436.76758 | Z42: 436.80939 | AA42: 435.24387 | AB42: 434.29315 | AC42: 432.73309 | AD42: 438.45755 | AE42: 437.70047 | AF42: 432.9209 | AG42: 429.2475 | AH42: 424.56079 | AI42: -0.017
A43: Compressed Natural Gas | B43: Transportation Energy Use: International Shipping: CNG: Reference case | C43: AEO.2023.REF2023.CNSM_NA_TRN_INTS_CNG_NA_NA_TRLBTU.A | D43: trillion Btu | F43: 0 | G43: 0 | H43: 0 | I43: 0 | J43: 0 | K43: 0 | L43: 0 | M43: 0 | N43: 0 | O43: 0 | P43: 0 | Q43: 0 | R43: 0 | S43: 0 | T43: 0 | U43: 0 | V43: 0 | W43: 0 | X43: 0 | Y43: 0 | Z43: 0 | AA43: 0 | AB43: 0 | AC43: 0 | AD43: 0 | AE43: 0 | AF43: 0 | AG43: 0 | AH43: 0 | AI43: - -
A44: Liquefied Natural Gas | B44: Transportation Energy Use: International Shipping: LNG: Reference case | C44: AEO.2023.REF2023.CNSM_NA_TRN_INTS_LNG_NA_NA_TRLBTU.A | D44: trillion Btu | F44: 26.423862 | G44: 31.466925 | H44: 39.867241 | I44: 36.82819 | J44: 47.376953 | K44: 48.944679 | L44: 53.800423 | M44: 57.218277 | N44: 58.367088 | O44: 58.568268 | P44: 58.225639 | Q44: 56.838043 | R44: 56.014595 | S44: 55.804081 | T44: 56.853912 | U44: 57.767784 | V44: 56.989986 | W44: 58.778946 | X44: 58.696617 | Y44: 59.2714 | Z44: 59.735519 | AA44: 61.929657 | AB44: 63.367027 | AC44: 65.278946 | AD44: 63.714081 | AE44: 65.960022 | AF44: 69.839432 | AG44: 74.646149 | AH44: 79.022369 | AI44: 0.04
A45: Air Transportation | B45: Transportation Energy Use: Air: Total: Reference case | C45: AEO.2023.REF2023.CNSM_NA_TRN_AIR_NA_NA_NA_TRLBTU.A | D45: trillion Btu | F45: 2802.8074 | G45: 3008.168 | H45: 3051.2026 | I45: 3057.1106 | J45: 3095.8982 | K45: 3134.2268 | L45: 3164.5515 | M45: 3187.1082 | N45: 3202.9382 | O45: 3218.7827 | P45: 3243.9363 | Q45: 3270.448 | R45: 3294.4031 | S45: 3322.9241 | T45: 3359.8247 | U45: 3403.8945 | V45: 3450.1719 | W45: 3498.4883 | X45: 3554.6438 | Y45: 3608.4033 | Z45: 3663.0974 | AA45: 3718.6245 | AB45: 3774.0098 | AC45: 3827.9187 | AD45: 3880.4333 | AE45: 3936.738 | AF45: 3993.604 | AG45: 4049.6506 | AH45: 4112.1577 | AI45: 0.014
A46: Jet Fuel | B46: Transportation Energy Use: Air: Jet Fuel: Reference case | C46: AEO.2023.REF2023.CNSM_NA_TRN_AIR_JFL_NA_NA_TRLBTU.A | D46: trillion Btu | F46: 2780.3857 | G46: 2985.7573 | H46: 3028.801 | I46: 3034.7166 | J46: 3073.5105 | K46: 3111.8442 | L46: 3142.1731 | M46: 3164.7332 | N46: 3180.5662 | O46: 3196.4131 | P46: 3221.5686 | Q46: 3248.082 | R46: 3272.0386 | S46: 3300.5605 | T46: 3337.4622 | U46: 3381.5327 | V46: 3427.8108 | W46: 3476.1277 | X46: 3532.2837 | Y46: 3586.0437 | Z46: 3640.738 | AA46: 3696.2654 | AB46: 3751.6509 | AC46: 3805.5598 | AD46: 3858.0747 | AE46: 3914.3794 | AF46: 3971.2456 | AG46: 4027.2922 | AH46: 4089.7993 | AI46: 0.014
A47: Aviation Gasoline | B47: Transportation Energy Use: Air: Aviation Gasoline: Reference case | C47: AEO.2023.REF2023.CNSM_NA_TRN_AIR_AVGA_NA_NA_TRLBTU.A | D47: trillion Btu | F47: 22.421618 | G47: 22.410635 | H47: 22.401548 | I47: 22.394032 | J47: 22.387812 | K47: 22.382666 | L47: 22.378407 | M47: 22.374884 | N47: 22.371969 | O47: 22.369558 | P47: 22.367563 | Q47: 22.365911 | R47: 22.364546 | S47: 22.363417 | T47: 22.36248 | U47: 22.361708 | V47: 22.361067 | W47: 22.360538 | X47: 22.3601 | Y47: 22.359737 | Z47: 22.359438 | AA47: 22.35919 | AB47: 22.358984 | AC47: 22.358814 | AD47: 22.358673 | AE47: 22.358557 | AF47: 22.358461 | AG47: 22.358381 | AH47: 22.358315 | AI47: 0
A48: Military Use | B48: Transportation Energy Use: Military: Total: Reference case | C48: AEO.2023.REF2023.CNSM_NA_TRN_MILT_NA_NA_NA_TRLBTU.A | D48: trillion Btu | F48: 430.83188 | G48: 433.13123 | H48: 433.96753 | I48: 434.6282 | J48: 435.16168 | K48: 435.94711 | L48: 436.50568 | M48: 436.9512 | N48: 437.33203 | O48: 437.57639 | P48: 437.74393 | Q48: 437.82675 | R48: 437.85825 | S48: 437.87946 | T48: 438.00381 | U48: 438.20288 | V48: 438.41199 | W48: 438.63055 | X48: 438.85791 | Y48: 439.09308 | Z48: 439.33536 | AA48: 439.58414 | AB48: 439.83881 | AC48: 440.09888 | AD48: 440.36389 | AE48: 440.63324 | AF48: 440.90668 | AG48: 441.18384 | AH48: 441.46451 | AI48: 0.001
A49: Jet Fuel and Aviation Gasoline | B49: Transportation Energy Use: Military: Jet Fuel: Reference case | C49: AEO.2023.REF2023.CNSM_NA_TRN_MILT_JFL_NA_NA_TRLBTU.A | D49: trillion Btu | F49: 334.44891 | G49: 336.23386 | H49: 336.88306 | I49: 337.39594 | J49: 337.81006 | K49: 338.4198 | L49: 338.85339 | M49: 339.19925 | N49: 339.4949 | O49: 339.68457 | P49: 339.81464 | Q49: 339.87894 | R49: 339.90338 | S49: 339.91986 | T49: 340.01639 | U49: 340.17093 | V49: 340.33325 | W49: 340.50293 | X49: 340.67941 | Y49: 340.86197 | Z49: 341.05005 | AA49: 341.24316 | AB49: 341.44086 | AC49: 341.64276 | AD49: 341.84848 | AE49: 342.05759 | AF49: 342.26984 | AG49: 342.48502 | AH49: 342.70288 | AI49: 0.001
A50: Residual Fuel Oil | B50: Transportation Energy Use: Military: Residual Fuel Oil: Reference case | C50: AEO.2023.REF2023.CNSM_NA_TRN_MILT_RFO_NA_NA_TRLBTU.A | D50: trillion Btu | F50: 0 | G50: 0 | H50: 0 | I50: 0 | J50: 0 | K50: 0 | L50: 0 | M50: 0 | N50: 0 | O50: 0 | P50: 0 | Q50: 0 | R50: 0 | S50: 0 | T50: 0 | U50: 0 | V50: 0 | W50: 0 | X50: 0 | Y50: 0 | Z50: 0 | AA50: 0 | AB50: 0 | AC50: 0 | AD50: 0 | AE50: 0 | AF50: 0 | AG50: 0 | AH50: 0 | AI50: - -
A51: Distillates and Diesel | B51: Transportation Energy Use: Military: Distillate Fuel Oil: Reference case | C51: AEO.2023.REF2023.CNSM_NA_TRN_MILT_DFO_NA_NA_TRLBTU.A | D51: trillion Btu | F51: 96.382973 | G51: 96.897369 | H51: 97.084457 | I51: 97.232269 | J51: 97.351608 | K51: 97.527321 | L51: 97.652275 | M51: 97.751961 | N51: 97.837143 | O51: 97.891815 | P51: 97.929291 | Q51: 97.947815 | R51: 97.954857 | S51: 97.959595 | T51: 97.987419 | U51: 98.031967 | V51: 98.078743 | W51: 98.12764 | X51: 98.178513 | Y51: 98.231117 | Z51: 98.285309 | AA51: 98.340965 | AB51: 98.397942 | AC51: 98.456131 | AD51: 98.515411 | AE51: 98.575668 | AF51: 98.636826 | AG51: 98.698837 | AH51: 98.761627 | AI51: 0.001
A52: Bus Transportation | B52: Transportation Energy Use: Bus: Reference case | C52: AEO.2023.REF2023.CNSM_NA_TRN_BUS_NA_NA_NA_TRLBTU.A | D52: trillion Btu | F52: 210.97722 | G52: 220.80747 | H52: 225.1512 | I52: 225.93091 | J52: 226.44176 | K52: 226.74643 | L52: 226.78705 | M52: 226.39072 | N52: 225.62442 | O52: 224.46057 | P52: 223.25034 | Q52: 223.04596 | R52: 222.35724 | S52: 221.45557 | T52: 220.40602 | U52: 218.77556 | V52: 217.16113 | W52: 215.39122 | X52: 213.4718 | Y52: 211.4082 | Z52: 209.23976 | AA52: 206.76431 | AB52: 204.38597 | AC52: 201.85864 | AD52: 199.42545 | AE52: 196.48846 | AF52: 193.40808 | AG52: 189.77907 | AH52: 186.44667 | AI52: -0.004
A53: Transit Bus | B53: Transportation Energy Use: Bus: Transit Bus: Reference case | C53: AEO.2023.REF2023.CNSM_NA_TRN_TBUS_NA_NA_NA_TRLBTU.A | D53: trillion Btu | F53: 92.212234 | G53: 95.83783 | H53: 98.320953 | I53: 98.870079 | J53: 99.844643 | K53: 100.61442 | L53: 101.24708 | M53: 101.61662 | N53: 101.72417 | O53: 101.53801 | P53: 101.31126 | Q53: 100.9764 | R53: 100.75687 | S53: 100.29507 | T53: 99.678467 | U53: 98.421806 | V53: 97.683716 | W53: 96.918678 | X53: 96.071007 | Y53: 95.130722 | Z53: 94.233086 | AA53: 93.123825 | AB53: 92.2043 | AC53: 91.250328 | AD53: 90.65873 | AE53: 89.694473 | AF53: 88.826485 | AG53: 87.819649 | AH53: 86.904648 | AI53: -0.002
A54: Motor Gasoline | B54: Transportation Energy Use: Bus: Transit Bus: Motor Gasoline: Reference case | C54: AEO.2023.REF2023.CNSM_NA_TRN_TBUS_MGS_NA_NA_TRLBTU.A | D54: trillion Btu | F54: 12.007432 | G54: 12.465114 | H54: 12.775763 | I54: 12.835154 | J54: 12.958027 | K54: 13.056922 | L54: 13.141269 | M54: 13.190033 | N54: 13.202685 | O54: 13.177554 | P54: 13.150479 | Q54: 13.109433 | R54: 13.083599 | S54: 13.026247 | T54: 12.949903 | U54: 12.790073 | V54: 12.696983 | W54: 12.600635 | X54: 12.493633 | Y54: 12.37418 | Z54: 12.260481 | AA54: 12.119045 | AB54: 12.002355 | AC54: 11.880788 | AD54: 11.80858 | AE54: 11.685587 | AF54: 11.575792 | AG54: 11.447132 | AH54: 11.331304 | AI54: -0.002
A55: E85 | B55: Transportation Energy Use: Bus: Transit Bus: E85: Reference case | C55: AEO.2023.REF2023.CNSM_NA_TRN_TBUS_E85_NA_NA_TRLBTU.A | D55: trillion Btu | F55: 0.007432 | G55: 0.007763 | H55: 0.007949 | I55: 0.008029 | J55: 0.008141 | K55: 0.00821 | L55: 0.008257 | M55: 0.008279 | N55: 0.008283 | O55: 0.008261 | P55: 0.008229 | Q55: 0.008189 | R55: 0.008157 | S55: 0.008107 | T55: 0.008042 | U55: 0.007961 | V55: 0.007883 | W55: 0.007803 | X55: 0.007713 | Y55: 0.007615 | Z55: 0.007521 | AA55: 0.007398 | AB55: 0.007307 | AC55: 0.007215 | AD55: 0.007143 | AE55: 0.00705 | AF55: 0.006961 | AG55: 0.006864 | AH55: 0.006769 | AI55: -0.003
A56: Distillate Fuel Oil (diesel) | B56: Transportation Energy Use: Bus: Transit Bus: Distillate Fuel Oil: Reference case | C56: AEO.2023.REF2023.CNSM_NA_TRN_TBUS_DFO_NA_NA_TRLBTU.A | D56: trillion Btu | F56: 52.012611 | G56: 54.015755 | H56: 55.245651 | I56: 55.522507 | J56: 56.047764 | K56: 56.442497 | L56: 56.754585 | M56: 56.903236 | N56: 56.888607 | O56: 56.712852 | P56: 56.517418 | Q56: 56.260185 | R56: 56.054283 | S56: 55.704571 | T56: 55.26152 | U56: 54.562843 | V56: 54.018444 | W56: 53.439865 | X56: 52.799095 | Y56: 52.084652 | Z56: 51.363411 | AA56: 50.487484 | AB56: 49.676125 | AC56: 48.788139 | AD56: 48.012001 | AE56: 46.925766 | AF56: 45.703896 | AG56: 44.05574 | AH56: 42.693802 | AI56: -0.007
A57: Compressed/Liquefied Natural Gas | B57: Transportation Energy Use: Bus: Transit Bus: Natural Gas: Reference case | C57: AEO.2023.REF2023.CNSM_NA_TRN_TBUS_NG_NA_NA_TRLBTU.A | D57: trillion Btu | F57: 26.102913 | G57: 27.152719 | H57: 27.997173 | I57: 28.156235 | J57: 28.412041 | K57: 28.617826 | L57: 28.781719 | M57: 28.881859 | N57: 28.919271 | O57: 28.863106 | P57: 28.782406 | Q57: 28.664639 | R57: 28.58287 | S57: 28.43108 | T57: 28.230478 | U57: 27.752499 | V57: 27.526546 | W57: 27.295059 | X57: 27.037399 | Y57: 26.75387 | Z57: 26.484291 | AA57: 26.160324 | AB57: 25.88516 | AC57: 25.601519 | AD57: 25.421154 | AE57: 25.134628 | AF57: 24.876854 | AG57: 24.58086 | AH57: 24.309217 | AI57: -0.003
A58: Propane | B58: Transportation Energy Use: Bus: Transit Bus: Propane: Reference case | C58: AEO.2023.REF2023.CNSM_NA_TRN_TBUS_LPG_NA_NA_TRLBTU.A | D58: trillion Btu | F58: 1.475766 | G58: 1.532684 | H58: 1.572022 | I58: 1.578621 | J58: 1.595975 | K58: 1.609501 | L58: 1.620445 | M58: 1.627665 | N58: 1.630974 | O58: 1.629221 | P58: 1.626818 | Q58: 1.622336 | R58: 1.619639 | S58: 1.613038 | T58: 1.60452 | U58: 1.5851 | V58: 1.57385 | W58: 1.56229 | X58: 1.549139 | Y58: 1.534283 | Z58: 1.520311 | AA58: 1.501987 | AB58: 1.487985 | AC58: 1.473216 | AD58: 1.465529 | AE58: 1.450458 | AF58: 1.437376 | AG58: 1.421625 | AH58: 1.407719 | AI58: -0.002
A59: Electricity | B59: Transportation Energy Use: Bus: Transit Bus: Electricity: Reference case | C59: AEO.2023.REF2023.CNSM_NA_TRN_TBUS_ELC_NA_NA_TRLBTU.A | D59: trillion Btu | F59: 0.582963 | G59: 0.639772 | H59: 0.697459 | I59: 0.744435 | J59: 0.797369 | K59: 0.853976 | L59: 0.915217 | M59: 0.979902 | N59: 1.04869 | O59: 1.121444 | P59: 1.200446 | Q59: 1.286315 | R59: 1.38315 | S59: 1.48702 | T59: 1.599227 | U59: 1.699166 | V59: 1.836078 | W59: 1.989325 | X59: 2.160585 | Y59: 2.35296 | Z59: 2.574177 | AA59: 2.82502 | AB59: 3.12307 | AC59: 3.477429 | AD59: 3.922498 | AE59: 4.469448 | AF59: 5.204321 | AG59: 6.286437 | AH59: 7.135109 | AI59: 0.094
A60: Hydrogen | B60: Transportation Energy Use: Bus: Transit Bus: Hydrogen: Reference case | C60: AEO.2023.REF2023.CNSM_NA_TRN_TBUS_HDG_NA_NA_TRLBTU.A | D60: trillion Btu | F60: 0.023117 | G60: 0.024035 | H60: 0.024939 | I60: 0.025099 | J60: 0.025319 | K60: 0.025482 | L60: 0.025596 | M60: 0.025651 | N60: 0.025658 | O60: 0.025573 | P60: 0.025453 | Q60: 0.025301 | R60: 0.025183 | S60: 0.025003 | T60: 0.024774 | U60: 0.024169 | V60: 0.023939 | W60: 0.023702 | X60: 0.023444 | Y60: 0.023163 | Z60: 0.022893 | AA60: 0.022575 | AB60: 0.022303 | AC60: 0.022027 | AD60: 0.021823 | AE60: 0.021545 | AF60: 0.021284 | AG60: 0.020997 | AH60: 0.020723 | AI60: -0.004
A61: Intercity Bus | B61: Transportation Energy Use: Bus: Intercity Bus: Reference case | C61: AEO.2023.REF2023.CNSM_NA_TRN_IBUS_NA_NA_NA_TRLBTU.A | D61: trillion Btu | F61: 26.118862 | G61: 28.024412 | H61: 29.477226 | I61: 30.571621 | J61: 31.3964 | K61: 32.010113 | L61: 32.464531 | M61: 32.799759 | N61: 33.046234 | O61: 33.226051 | P61: 33.352478 | Q61: 33.43018 | R61: 33.466476 | S61: 33.46925 | T61: 33.44516 | U61: 33.397396 | V61: 33.349758 | W61: 33.294384 | X61: 33.234276 | Y61: 33.167286 | Z61: 33.096901 | AA61: 33.025082 | AB61: 32.951077 | AC61: 32.875145 | AD61: 32.799278 | AE61: 32.723492 | AF61: 32.646706 | AG61: 32.56945 | AH61: 32.494362 | AI61: 0.008
A62: Motor Gasoline | B62: Transportation Energy Use: Bus: Intercity Bus: Motor Gasoline: Reference case | C62: AEO.2023.REF2023.CNSM_NA_TRN_IBUS_MGS_NA_NA_TRLBTU.A | D62: trillion Btu | F62: 0 | G62: 0 | H62: 0 | I62: 0 | J62: 0 | K62: 0 | L62: 0 | M62: 0 | N62: 0 | O62: 0 | P62: 0 | Q62: 0 | R62: 0 | S62: 0 | T62: 0 | U62: 0 | V62: 0 | W62: 0 | X62: 0 | Y62: 0 | Z62: 0 | AA62: 0 | AB62: 0 | AC62: 0 | AD62: 0 | AE62: 0 | AF62: 0 | AG62: 0 | AH62: 0 | AI62: - -
A63: E85 | B63: Transportation Energy Use: Bus: Intercity Bus: E85: Reference case | C63: AEO.2023.REF2023.CNSM_NA_TRN_IBUS_E85_NA_NA_TRLBTU.A | D63: trillion Btu | F63: 0 | G63: 0 | H63: 0 | I63: 0 | J63: 0 | K63: 0 | L63: 0 | M63: 0 | N63: 0 | O63: 0 | P63: 0 | Q63: 0 | R63: 0 | S63: 0 | T63: 0 | U63: 0 | V63: 0 | W63: 0 | X63: 0 | Y63: 0 | Z63: 0 | AA63: 0 | AB63: 0 | AC63: 0 | AD63: 0 | AE63: 0 | AF63: 0 | AG63: 0 | AH63: 0 | AI63: - -
A64: Distillate Fuel Oil (diesel) | B64: Transportation Energy Use: Bus: Intercity Bus: Distillate Fuel Oil: Reference case | C64: AEO.2023.REF2023.CNSM_NA_TRN_IBUS_DFO_NA_NA_TRLBTU.A | D64: trillion Btu | F64: 26.118862 | G64: 28.024412 | H64: 29.477226 | I64: 30.571621 | J64: 31.3964 | K64: 32.010113 | L64: 32.464531 | M64: 32.799759 | N64: 33.046234 | O64: 33.226051 | P64: 33.352478 | Q64: 33.43018 | R64: 33.466476 | S64: 33.46925 | T64: 33.44516 | U64: 33.397396 | V64: 33.349758 | W64: 33.294384 | X64: 33.234276 | Y64: 33.167286 | Z64: 33.096901 | AA64: 33.025082 | AB64: 32.951077 | AC64: 32.875145 | AD64: 32.799278 | AE64: 32.723492 | AF64: 32.646706 | AG64: 32.56945 | AH64: 32.494362 | AI64: 0.008
A65: Compressed/Liquefied Natural Gas | B65: Transportation Energy Use: Bus: Intercity Bus: Natural Gas: Reference case | C65: AEO.2023.REF2023.CNSM_NA_TRN_IBUS_NG_NA_NA_TRLBTU.A | D65: trillion Btu | F65: 0 | G65: 0 | H65: 0 | I65: 0 | J65: 0 | K65: 0 | L65: 0 | M65: 0 | N65: 0 | O65: 0 | P65: 0 | Q65: 0 | R65: 0 | S65: 0 | T65: 0 | U65: 0 | V65: 0 | W65: 0 | X65: 0 | Y65: 0 | Z65: 0 | AA65: 0 | AB65: 0 | AC65: 0 | AD65: 0 | AE65: 0 | AF65: 0 | AG65: 0 | AH65: 0 | AI65: - -
A66: Propane | B66: Transportation Energy Use: Bus: Intercity Bus: Propane: Reference case | C66: AEO.2023.REF2023.CNSM_NA_TRN_IBUS_LPG_NA_NA_TRLBTU.A | D66: trillion Btu | F66: 0 | G66: 0 | H66: 0 | I66: 0 | J66: 0 | K66: 0 | L66: 0 | M66: 0 | N66: 0 | O66: 0 | P66: 0 | Q66: 0 | R66: 0 | S66: 0 | T66: 0 | U66: 0 | V66: 0 | W66: 0 | X66: 0 | Y66: 0 | Z66: 0 | AA66: 0 | AB66: 0 | AC66: 0 | AD66: 0 | AE66: 0 | AF66: 0 | AG66: 0 | AH66: 0 | AI66: - -
A67: Electricity | B67: Transportation Energy Use: Bus: Intercity Bus: Electricity: Reference case | C67: AEO.2023.REF2023.CNSM_NA_TRN_IBUS_ELC_NA_NA_TRLBTU.A | D67: trillion Btu | F67: 0 | G67: 0 | H67: 0 | I67: 0 | J67: 0 | K67: 0 | L67: 0 | M67: 0 | N67: 0 | O67: 0 | P67: 0 | Q67: 0 | R67: 0 | S67: 0 | T67: 0 | U67: 0 | V67: 0 | W67: 0 | X67: 0 | Y67: 0 | Z67: 0 | AA67: 0 | AB67: 0 | AC67: 0 | AD67: 0 | AE67: 0 | AF67: 0 | AG67: 0 | AH67: 0 | AI67: - -
A68: Hydrogen | B68: Transportation Energy Use: Bus: Intercity Bus: Hydrogen: Reference case | C68: AEO.2023.REF2023.CNSM_NA_TRN_IBUS_HDG_NA_NA_TRLBTU.A | D68: trillion Btu | F68: 0 | G68: 0 | H68: 0 | I68: 0 | J68: 0 | K68: 0 | L68: 0 | M68: 0 | N68: 0 | O68: 0 | P68: 0 | Q68: 0 | R68: 0 | S68: 0 | T68: 0 | U68: 0 | V68: 0 | W68: 0 | X68: 0 | Y68: 0 | Z68: 0 | AA68: 0 | AB68: 0 | AC68: 0 | AD68: 0 | AE68: 0 | AF68: 0 | AG68: 0 | AH68: 0 | AI68: - -
A69: School Bus | B69: Transportation Energy Use: Bus: School Bus: Reference case | C69: AEO.2023.REF2023.CNSM_NA_TRN_LSRC_NA_NA_NA_TRLBTU.A | D69: trillion Btu | F69: 93.831894 | G69: 98.450195 | H69: 99.158546 | I69: 98.571014 | J69: 97.556511 | K69: 96.613396 | L69: 95.691032 | M69: 94.739861 | N69: 93.77755 | O69: 92.791618 | P69: 91.866196 | Q69: 91.598053 | R69: 91.112289 | S69: 90.70887 | T69: 90.37265 | U69: 90.12104 | V69: 89.542336 | W69: 88.885452 | X69: 88.194603 | Y69: 87.485649 | Z69: 86.702446 | AA69: 85.868294 | AB69: 84.99823 | AC69: 84.089134 | AD69: 83.076744 | AE69: 82.045021 | AF69: 80.986786 | AG69: 79.893326 | AH69: 78.783607 | AI69: -0.006
A70: Motor Gasoline | B70: Transportation Energy Use: Bus: School Bus: Motor Gasoline: Reference case | C70: AEO.2023.REF2023.CNSM_NA_TRN_LSRC_MGS_NA_NA_TRLBTU.A | D70: trillion Btu | F70: 9.494101 | G70: 9.984732 | H70: 10.080206 | I70: 10.044081 | J70: 9.964186 | K70: 9.877207 | L70: 9.790693 | M70: 9.703547 | N70: 9.615687 | O70: 9.526428 | P70: 9.443931 | Q70: 9.376018 | R70: 9.31937 | S70: 9.272266 | T70: 9.234446 | U70: 9.206593 | V70: 9.15974 | W70: 9.107673 | X70: 9.053213 | Y70: 8.997488 | Z70: 8.938418 | AA70: 8.875582 | AB70: 8.809856 | AC70: 8.741948 | AD70: 8.671112 | AE70: 8.599361 | AF70: 8.527375 | AG70: 8.454552 | AH70: 8.381558 | AI70: -0.004
A71: E85 | B71: Transportation Energy Use: Bus: School Bus: E85: Reference case | C71: AEO.2023.REF2023.CNSM_NA_TRN_LSRC_E85_NA_NA_TRLBTU.A | D71: trillion Btu | F71: 0 | G71: 0 | H71: 0 | I71: 0 | J71: 0 | K71: 0 | L71: 0 | M71: 0 | N71: 0 | O71: 0 | P71: 0 | Q71: 0 | R71: 0 | S71: 0 | T71: 0 | U71: 0 | V71: 0 | W71: 0 | X71: 0 | Y71: 0 | Z71: 0 | AA71: 0 | AB71: 0 | AC71: 0 | AD71: 0 | AE71: 0 | AF71: 0 | AG71: 0 | AH71: 0 | AI71: - -
A72: Distillate Fuel Oil (diesel) | B72: Transportation Energy Use: Bus: School Bus: Distillate Fuel Oil: Reference case | C72: AEO.2023.REF2023.CNSM_NA_TRN_LSRC_DFO_NA_NA_TRLBTU.A | D72: trillion Btu | F72: 75.219894 | G72: 78.60582 | H72: 78.857498 | I72: 78.076454 | J72: 76.964111 | K72: 76.07975 | L72: 75.233322 | M72: 74.338867 | N72: 73.430573 | O72: 72.491913 | P72: 71.594032 | Q72: 71.837708 | R72: 71.512497 | S72: 71.239052 | T72: 70.989594 | U72: 70.790924 | V72: 70.163765 | W72: 69.442642 | X72: 68.681885 | Y72: 67.900276 | Z72: 67.010056 | AA72: 66.063095 | AB72: 65.078491 | AC72: 64.041969 | AD72: 62.83419 | AE72: 61.60294 | AF72: 60.321541 | AG72: 58.979691 | AH72: 57.60738 | AI72: -0.009
A73: Compressed/Liquefied Natural Gas | B73: Transportation Energy Use: Bus: School Bus: Natural Gas: Reference case | C73: AEO.2023.REF2023.CNSM_NA_TRN_LSRC_NG_NA_NA_TRLBTU.A | D73: trillion Btu | F73: 0.924086 | G73: 1.010828 | H73: 1.053611 | I73: 1.083197 | J73: 1.104337 | K73: 1.12353 | L73: 1.14085 | M73: 1.156073 | N73: 1.171249 | O73: 1.185954 | P73: 1.20149 | Q73: 1.218719 | R73: 1.237236 | S73: 1.256583 | T73: 1.277304 | U73: 1.299385 | V73: 1.318905 | W73: 1.337343 | X73: 1.355548 | Y73: 1.373292 | Z73: 1.390433 | AA73: 1.4067 | AB73: 1.42267 | AC73: 1.438181 | AD73: 1.45274 | AE73: 1.462957 | AF73: 1.473053 | AG73: 1.482996 | AH73: 1.492894 | AI73: 0.017
A74: Propane | B74: Transportation Energy Use: Bus: School Bus: Propane: Reference case | C74: AEO.2023.REF2023.CNSM_NA_TRN_LSRC_LPG_NA_NA_TRLBTU.A | D74: trillion Btu | F74: 7.621545 | G74: 8.015407 | H74: 8.092051 | I74: 8.06305 | J74: 7.998913 | K74: 7.929089 | L74: 7.85964 | M74: 7.78968 | N74: 7.71915 | O74: 7.647495 | P74: 7.581269 | Q74: 7.526752 | R74: 7.481277 | S74: 7.443463 | T74: 7.413102 | U74: 7.390742 | V74: 7.353132 | W74: 7.311333 | X74: 7.267616 | Y74: 7.22288 | Z74: 7.175461 | AA74: 7.125019 | AB74: 7.072256 | AC74: 7.017741 | AD74: 6.960877 | AE74: 6.903278 | AF74: 6.84549 | AG74: 6.78703 | AH74: 6.728433 | AI74: -0.004
A75: Electricity | B75: Transportation Energy Use: Bus: School Bus: Electricity: Reference case | C75: AEO.2023.REF2023.CNSM_NA_TRN_LSRC_ELC_NA_NA_TRLBTU.A | D75: trillion Btu | F75: 0.572265 | G75: 0.833416 | H75: 1.075178 | I75: 1.30423 | J75: 1.524958 | K75: 1.603828 | L75: 1.66653 | M75: 1.751691 | N75: 1.8409 | O75: 1.939823 | P75: 2.045474 | Q75: 1.638865 | R75: 1.561909 | S75: 1.497497 | T75: 1.458207 | U75: 1.433402 | V75: 1.546791 | W75: 1.686464 | X75: 1.836342 | Y75: 1.991712 | Z75: 2.188076 | AA75: 2.397905 | AB75: 2.614949 | AC75: 2.849298 | AD75: 3.157824 | AE75: 3.476489 | AF75: 3.819326 | AG75: 4.189054 | AH75: 4.573342 | AI75: 0.077
A76: Hydrogen | B76: Transportation Energy Use: Bus: School Bus: Hydrogen: Reference case | C76: AEO.2023.REF2023.CNSM_NA_TRN_LSRC_HDG_NA_NA_TRLBTU.A | D76: trillion Btu | F76: 0 | G76: 0 | H76: 0 | I76: 0 | J76: 0 | K76: 0 | L76: 0 | M76: 0 | N76: 0 | O76: 0 | P76: 0 | Q76: 0 | R76: 0 | S76: 0 | T76: 0 | U76: 0 | V76: 0 | W76: 0 | X76: 0 | Y76: 0 | Z76: 0 | AA76: 0 | AB76: 0 | AC76: 0 | AD76: 0 | AE76: 0 | AF76: 0 | AG76: 0 | AH76: 0 | AI76: - -
A77: Rail Transportation | B77: Transportation Energy Use: Rail: Reference case | C77: AEO.2023.REF2023.CNSM_NA_TRN_RAIL_NA_NA_NA_TRLBTU.A | D77: trillion Btu | F77: 43.913422 | G77: 45.563988 | H77: 46.540951 | I77: 47.205399 | J77: 47.900013 | K77: 48.570526 | L77: 49.132919 | M77: 49.707283 | N77: 50.150032 | O77: 50.598679 | P77: 51.1395 | Q77: 51.726662 | R77: 52.369225 | S77: 52.923794 | T77: 53.456974 | U77: 53.972694 | V77: 54.509743 | W77: 55.033695 | X77: 55.626583 | Y77: 56.181145 | Z77: 56.75378 | AA77: 57.257599 | AB77: 57.815628 | AC77: 58.366592 | AD77: 59.116035 | AE77: 59.751427 | AF77: 60.444683 | AG77: 61.080704 | AH77: 61.848125 | AI77: 0.012
A78: Intercity Rail | B78: Transportation Energy Use: Rail: Intercity Rail: Reference case | C78: AEO.2023.REF2023.CNSM_NA_TRN_IRAIL_NA_NA_NA_TRLBTU.A | D78: trillion Btu | F78: 7.594637 | G78: 8.270811 | H78: 8.811752 | I78: 9.242524 | J78: 9.58907 | K78: 9.871216 | L78: 10.105147 | M78: 10.303372 | N78: 10.475068 | O78: 10.626024 | P78: 10.758954 | Q78: 10.875568 | R78: 10.979033 | S78: 11.071654 | T78: 11.154877 | U78: 11.229655 | V78: 11.304667 | W78: 11.377219 | X78: 11.447278 | Y78: 11.515232 | Z78: 11.582256 | AA78: 11.648867 | AB78: 11.715138 | AC78: 11.781057 | AD78: 11.847012 | AE78: 11.912785 | AF78: 11.978335 | AG78: 12.043905 | AH78: 12.109465 | AI78: 0.017
A79: Electricity | B79: Transportation Energy Use: Rail: Intercity Rail: Electricity: Reference case | C79: AEO.2023.REF2023.CNSM_NA_TRN_IRAIL_ELC_NA_NA_TRLBTU.A | D79: trillion Btu | F79: 0.923149 | G79: 1.00534 | H79: 1.071092 | I79: 1.123454 | J79: 1.165578 | K79: 1.199873 | L79: 1.228308 | M79: 1.252403 | N79: 1.273273 | O79: 1.291622 | P79: 1.30778 | Q79: 1.321955 | R79: 1.334531 | S79: 1.34579 | T79: 1.355906 | U79: 1.364995 | V79: 1.374113 | W79: 1.382932 | X79: 1.391448 | Y79: 1.399708 | Z79: 1.407855 | AA79: 1.415952 | AB79: 1.424006 | AC79: 1.432019 | AD79: 1.440037 | AE79: 1.448031 | AF79: 1.455999 | AG79: 1.463969 | AH79: 1.471938 | AI79: 0.017
A80: Diesel | B80: Transportation Energy Use: Rail: Intercity Rail: Diesel: Reference case | C80: AEO.2023.REF2023.CNSM_NA_TRN_IRAIL_DSL_NA_NA_TRLBTU.A | D80: trillion Btu | F80: 6.671488 | G80: 7.265471 | H80: 7.74066 | I80: 8.11907 | J80: 8.423492 | K80: 8.671343 | L80: 8.87684 | M80: 9.050969 | N80: 9.201796 | O80: 9.334402 | P80: 9.451174 | Q80: 9.553614 | R80: 9.644503 | S80: 9.725864 | T80: 9.798971 | U80: 9.86466 | V80: 9.930554 | W80: 9.994287 | X80: 10.05583 | Y80: 10.115524 | Z80: 10.174401 | AA80: 10.232915 | AB80: 10.291132 | AC80: 10.349038 | AD80: 10.406975 | AE80: 10.464753 | AF80: 10.522336 | AG80: 10.579936 | AH80: 10.637527 | AI80: 0.017
A81: Compressed Natural Gas | B81: Transportation Energy Use: Rail: Intercity Rail: CNG: Reference case | C81: AEO.2023.REF2023.CNSM_NA_TRN_IRAIL_CNG_NA_NA_TRLBTU.A | D81: trillion Btu | F81: 0 | G81: 0 | H81: 0 | I81: 0 | J81: 0 | K81: 0 | L81: 0 | M81: 0 | N81: 0 | O81: 0 | P81: 0 | Q81: 0 | R81: 0 | S81: 0 | T81: 0 | U81: 0 | V81: 0 | W81: 0 | X81: 0 | Y81: 0 | Z81: 0 | AA81: 0 | AB81: 0 | AC81: 0 | AD81: 0 | AE81: 0 | AF81: 0 | AG81: 0 | AH81: 0 | AI81: - -
A82: Liquefied Natural Gas | B82: Transportation Energy Use: Rail: Intercity Rail: LNG: Reference case | C82: AEO.2023.REF2023.CNSM_NA_TRN_IRAIL_LNG_NA_NA_TRLBTU.A | D82: trillion Btu | F82: 0 | G82: 0 | H82: 0 | I82: 0 | J82: 0 | K82: 0 | L82: 0 | M82: 0 | N82: 0 | O82: 0 | P82: 0 | Q82: 0 | R82: 0 | S82: 0 | T82: 0 | U82: 0 | V82: 0 | W82: 0 | X82: 0 | Y82: 0 | Z82: 0 | AA82: 0 | AB82: 0 | AC82: 0 | AD82: 0 | AE82: 0 | AF82: 0 | AG82: 0 | AH82: 0 | AI82: - -
A83: Transit Rail | B83: Transportation Energy Use: Rail: Transit Rail: Reference case | C83: AEO.2023.REF2023.CNSM_NA_TRN_TRAIL_NA_NA_NA_TRLBTU.A | D83: trillion Btu | F83: 17.032639 | G83: 17.333525 | H83: 17.471111 | I83: 17.514868 | J83: 17.667709 | K83: 17.921017 | L83: 18.139038 | M83: 18.293453 | N83: 18.389309 | O83: 18.446941 | P83: 18.571213 | Q83: 18.730658 | R83: 18.930088 | S83: 19.092125 | T83: 19.259436 | U83: 19.415512 | V83: 19.584526 | W83: 19.751869 | X83: 19.950642 | Y83: 20.133373 | Z83: 20.32523 | AA83: 20.481424 | AB83: 20.667053 | AC83: 20.844881 | AD83: 21.123302 | AE83: 21.333515 | AF83: 21.575636 | AG83: 21.790667 | AH83: 22.070597 | AI83: 0.009
A84: Electricity | B84: Transportation Energy Use: Rail: Transit Rail: Electricity: Reference case | C84: AEO.2023.REF2023.CNSM_NA_TRN_TRAIL_ELC_NA_NA_TRLBTU.A | D84: trillion Btu | F84: 17.032639 | G84: 17.333525 | H84: 17.471111 | I84: 17.514868 | J84: 17.667709 | K84: 17.921017 | L84: 18.139038 | M84: 18.293453 | N84: 18.389309 | O84: 18.446941 | P84: 18.571213 | Q84: 18.730658 | R84: 18.930088 | S84: 19.092125 | T84: 19.259436 | U84: 19.415512 | V84: 19.584526 | W84: 19.751869 | X84: 19.950642 | Y84: 20.133373 | Z84: 20.32523 | AA84: 20.481424 | AB84: 20.667053 | AC84: 20.844881 | AD84: 21.123302 | AE84: 21.333515 | AF84: 21.575636 | AG84: 21.790667 | AH84: 22.070597 | AI84: 0.009
A85: Commuter Rail | B85: Transportation Energy Use: Rail: Commuter Rail: Reference case | C85: AEO.2023.REF2023.CNSM_NA_TRN_CRAIL_NA_NA_NA_TRLBTU.A | D85: trillion Btu | F85: 19.286148 | G85: 19.959654 | H85: 20.258087 | I85: 20.448008 | J85: 20.643234 | K85: 20.778294 | L85: 20.888737 | M85: 21.11046 | N85: 21.285656 | O85: 21.525711 | P85: 21.809334 | Q85: 22.120438 | R85: 22.4601 | S85: 22.760014 | T85: 23.042664 | U85: 23.327526 | V85: 23.620548 | W85: 23.904606 | X85: 24.228664 | Y85: 24.532539 | Z85: 24.846294 | AA85: 25.127308 | AB85: 25.433437 | AC85: 25.740656 | AD85: 26.145723 | AE85: 26.505127 | AF85: 26.890711 | AG85: 27.246132 | AH85: 27.668062 | AI85: 0.013
A86: Electricity | B86: Transportation Energy Use: Rail: Commuter Rail: Electricity: Reference case | C86: AEO.2023.REF2023.CNSM_NA_TRN_CRAIL_ELC_NA_NA_TRLBTU.A | D86: trillion Btu | F86: 6.966804 | G86: 7.205571 | H86: 7.306987 | I86: 7.360508 | J86: 7.396221 | K86: 7.403453 | L86: 7.403485 | M86: 7.460123 | N86: 7.507533 | O86: 7.606305 | P86: 7.72276 | Q86: 7.850501 | R86: 7.987139 | S86: 8.106824 | T86: 8.220928 | U86: 8.337174 | V86: 8.455911 | W86: 8.570151 | X86: 8.700564 | Y86: 8.823834 | Z86: 8.949368 | AA86: 9.06256 | AB86: 9.184396 | AC86: 9.305553 | AD86: 9.463213 | AE86: 9.603458 | AF86: 9.752829 | AG86: 9.890326 | AH86: 10.053587 | AI86: 0.013
A87: Diesel | B87: Transportation Energy Use: Rail: Commuter Rail: Diesel: Reference case | C87: AEO.2023.REF2023.CNSM_NA_TRN_CRAIL_DSL_NA_NA_TRLBTU.A | D87: trillion Btu | F87: 12.319345 | G87: 12.754084 | H87: 12.951099 | I87: 13.0875 | J87: 13.247013 | K87: 13.37484 | L87: 13.48525 | M87: 13.650337 | N87: 13.778123 | O87: 13.919407 | P87: 14.086574 | Q87: 14.269936 | R87: 14.47296 | S87: 14.65319 | T87: 14.821736 | U87: 14.990353 | V87: 15.164637 | W87: 15.334455 | X87: 15.528099 | Y87: 15.708706 | Z87: 15.896927 | AA87: 16.064747 | AB87: 16.249043 | AC87: 16.435102 | AD87: 16.68251 | AE87: 16.901669 | AF87: 17.137882 | AG87: 17.355804 | AH87: 17.614475 | AI87: 0.013
A88: Compressed Natural Gas | B88: Transportation Energy Use: Rail: Commuter Rail: CNG: Reference case | C88: AEO.2023.REF2023.CNSM_NA_TRN_CRAIL_CNG_NA_NA_TRLBTU.A | D88: trillion Btu | F88: 0 | G88: 0 | H88: 0 | I88: 0 | J88: 0 | K88: 0 | L88: 0 | M88: 0 | N88: 0 | O88: 0 | P88: 0 | Q88: 0 | R88: 0 | S88: 0 | T88: 0 | U88: 0 | V88: 0 | W88: 0 | X88: 0 | Y88: 0 | Z88: 0 | AA88: 0 | AB88: 0 | AC88: 0 | AD88: 0 | AE88: 0 | AF88: 0 | AG88: 0 | AH88: 0 | AI88: - -
A89: Liquefied Natural Gas | B89: Transportation Energy Use: Rail: Commuter Rail: LNG: Reference case | C89: AEO.2023.REF2023.CNSM_NA_TRN_CRAIL_LNG_NA_NA_TRLBTU.A | D89: trillion Btu | F89: 0 | G89: 0 | H89: 0 | I89: 0 | J89: 0 | K89: 0 | L89: 0 | M89: 0 | N89: 0 | O89: 0 | P89: 0 | Q89: 0 | R89: 0 | S89: 0 | T89: 0 | U89: 0 | V89: 0 | W89: 0 | X89: 0 | Y89: 0 | Z89: 0 | AA89: 0 | AB89: 0 | AC89: 0 | AD89: 0 | AE89: 0 | AF89: 0 | AG89: 0 | AH89: 0 | AI89: - -
A90: Recreational Boats | B90: Transportation Energy Use: Recreation Boats: Reference case | C90: AEO.2023.REF2023.CNSM_NA_TRN_RCB_NA_NA_NA_TRLBTU.A | D90: trillion Btu | F90: 202.83664 | G90: 199.16296 | H90: 195.80548 | I90: 193.73721 | J90: 192.81314 | K90: 191.8974 | L90: 190.73351 | M90: 189.21046 | N90: 187.40353 | O90: 185.67694 | P90: 184.46689 | Q90: 183.61003 | R90: 182.77757 | S90: 181.99818 | T90: 181.45029 | U90: 181.10551 | V90: 180.74588 | W90: 180.38298 | X90: 180.29542 | Y90: 180.16119 | Z90: 179.98802 | AA90: 179.81351 | AB90: 179.55652 | AC90: 179.24385 | AD90: 178.94971 | AE90: 178.72766 | AF90: 178.49087 | AG90: 178.22836 | AH90: 178.15555 | AI90: -0.005
A91: Gasoline | B91: Transportation Energy Use: Recreation Boats: Motor Gasoline: Reference case | C91: AEO.2023.REF2023.CNSM_NA_TRN_RCB_GSL_NA_NA_TRLBTU.A | D91: trillion Btu | F91: 163.60873 | G91: 160.38701 | H91: 157.42775 | I91: 155.51083 | J91: 154.515 | K91: 153.52698 | L91: 152.34193 | M91: 150.87234 | N91: 149.17961 | O91: 147.55435 | P91: 146.34232 | Q91: 145.41208 | R91: 144.50224 | S91: 143.63538 | T91: 142.95183 | U91: 142.42835 | V91: 141.89296 | W91: 141.35481 | X91: 141.03188 | Y91: 140.67157 | Z91: 140.28008 | AA91: 139.88684 | AB91: 139.42889 | AC91: 138.92732 | AD91: 138.43982 | AE91: 138.00766 | AF91: 137.5636 | AG91: 137.09927 | AH91: 136.78018 | AI91: -0.006
A92: Distillate Fuel Oil (diesel) | B92: Transportation Energy Use: Recreation Boats: Distillate Fuel Oil: Reference case | C92: AEO.2023.REF2023.CNSM_NA_TRN_RCB_DFO_NA_NA_TRLBTU.A | D92: trillion Btu | F92: 39.227898 | G92: 38.775948 | H92: 38.377731 | I92: 38.226379 | J92: 38.298149 | K92: 38.370419 | L92: 38.391571 | M92: 38.33812 | N92: 38.223915 | O92: 38.122589 | P92: 38.124577 | Q92: 38.197956 | R92: 38.275326 | S92: 38.362804 | T92: 38.498459 | U92: 38.677174 | V92: 38.852928 | W92: 39.028164 | X92: 39.263546 | Y92: 39.489632 | Z92: 39.707951 | AA92: 39.926662 | AB92: 40.127632 | AC92: 40.316528 | AD92: 40.509892 | AE92: 40.720009 | AF92: 40.927284 | AG92: 41.129097 | AH92: 41.375362 | AI92: 0.002
A93: Lubricants | B93: Transportation Energy Use: Lubricants: Reference case | C93: AEO.2023.REF2023.CNSM_NA_TRN_NA_LBC_NA_NA_TRLBTU.A | D93: trillion Btu | F93: 125.94522 | G93: 125.92506 | H93: 126.01238 | I93: 126.04986 | J93: 126.11367 | K93: 125.98441 | L93: 125.853 | M93: 125.75523 | N93: 125.65207 | O93: 125.54579 | P93: 125.43918 | Q93: 125.33015 | R93: 125.25038 | S93: 125.22502 | T93: 125.25526 | U93: 125.31821 | V93: 125.4119 | W93: 125.52669 | X93: 125.66653 | Y93: 125.79737 | Z93: 125.92503 | AA93: 126.04557 | AB93: 126.16628 | AC93: 126.32028 | AD93: 126.49239 | AE93: 126.66081 | AF93: 126.81145 | AG93: 126.97429 | AH93: 127.15868 | AI93: 0
A94: Pipeline Fuel Natural Gas | B94: Transportation Energy Use: Pipeline Fuel Natural Gas: Reference case | C94: AEO.2023.REF2023.CNSM_NA_TRN_PIPL_NG_NA_NA_TRLBTU.A | D94: trillion Btu | F94: 905.73224 | G94: 820.5426 | H94: 760.98248 | I94: 726.75244 | J94: 695.8501 | K94: 653.98541 | L94: 613.92792 | M94: 612.03296 | N94: 610.31641 | O94: 611.89654 | P94: 617.76355 | Q94: 626.28516 | R94: 630.76672 | S94: 633.4773 | T94: 634.00311 | U94: 632.9682 | V94: 637.83142 | W94: 636.66797 | X94: 645.80701 | Y94: 652.42676 | Z94: 658.16638 | AA94: 660.99408 | AB94: 665.09454 | AC94: 669.20264 | AD94: 674.53369 | AE94: 682.13464 | AF94: 689.49054 | AG94: 691.88214 | AH94: 696.77728 | AI94: -0.009
A95: Natural Gas Liquefaction for Export | B95: Transportation Energy Use: Natural Gas for Liquefaction: Reference case | C95: AEO.2023.REF2023.CNSM_NA_NMFG_LQFCT_DELE_NA_NA_TRLBTU.A | D95: trillion Btu | F95: 332.5231 | G95: 377.97052 | H95: 384.00461 | I95: 408.78293 | J95: 446.26065 | K95: 477.17264 | L95: 503.61008 | M95: 527.57086 | N95: 577.96906 | O95: 628.36725 | P95: 680.00372 | Q95: 729.16363 | R95: 771.16211 | S95: 796.36121 | T95: 814.39893 | U95: 829.96002 | V95: 838.35974 | W95: 838.35974 | X95: 839.59802 | Y95: 838.35974 | Z95: 838.35974 | AA95: 838.35974 | AB95: 839.59802 | AC95: 838.35974 | AD95: 838.35974 | AE95: 838.35974 | AF95: 839.59802 | AG95: 838.35974 | AH95: 838.35974 | AI95: 0.034
A96: Total Consumption | B96: Transportation Energy Use: Total Use: Reference case | C96: AEO.2023.REF2023.CNSM_NA_TRN_NA_NA_NA_NA_TRLBTU.A | D96: trillion Btu | F96: 27986.479 | G96: 28032.221 | H96: 27776.766 | I96: 27465.828 | J96: 27255.17 | K96: 27052.176 | L96: 26819.684 | M96: 26592.781 | N96: 26361.336 | O96: 26163.676 | P96: 26008.943 | Q96: 25899.168 | R96: 25803.771 | S96: 25706.131 | T96: 25600.619 | U96: 25535.832 | V96: 25495.666 | W96: 25451.617 | X96: 25462.877 | Y96: 25488.182 | Z96: 25533.678 | AA96: 25586.275 | AB96: 25660.166 | AC96: 25746.871 | AD96: 25871.172 | AE96: 26021.988 | AF96: 26178.047 | AG96: 26334.756 | AH96: 26541.848 | AI96: -0.002

Sheet AEO 2023 Table 36 
B1: ref2022.d011222a
C3: Report
C4: Scenario | G4: Reference
C5: Datekey
C6: Release Date
A10: TEF000 | B10: 36. Transportation Sector Energy Use by Fuel Type Within Mode | AF10: Average
B11: (trillion Btu) | AF11: Annual
AF12: Change
B13: Mode and Type | C13: 2022 | D13: 2023 | E13: 2024 | F13: 2025 | G13: 2026 | H13: 2027 | I13: 2028 | J13: 2029 | K13: 2030 | L13: 2031 | M13: 2032 | N13: 2033 | O13: 2034 | P13: 2035 | Q13: 2036 | R13: 2037 | S13: 2038 | T13: 2039 | U13: 2040 | V13: 2041 | W13: 2042 | X13: 2043 | Y13: 2044 | Z13: 2045 | AA13: 2046 | AB13: 2047 | AC13: 2048 | AD13: 2049 | AE13: 2050 | AF13: 2021–2050
A15: TEF000:ba_Total | B15: Light-Duty Vehicle | C15: ='AEO 2023 Table 36 Raw'!F6 -> 14541.973 | D15: ='AEO 2023 Table 36 Raw'!G6 -> 14586.113 | E15: ='AEO 2023 Table 36 Raw'!H6 -> 14429.691 | F15: ='AEO 2023 Table 36 Raw'!I6 -> 14201.925 | G15: ='AEO 2023 Table 36 Raw'!J6 -> 14016.908 | H15: ='AEO 2023 Table 36 Raw'!K6 -> 13860.762 | I15: ='AEO 2023 Table 36 Raw'!L6 -> 13679.086 | J15: ='AEO 2023 Table 36 Raw'!M6 -> 13473.831 | ... AF15: ='AEO 2023 Table 36 Raw'!AI6 -> -0.007
A16: TEF000:ba_MotorGasoline | B16: Motor Gasoline excluding E85 1/ | C16: ='AEO 2023 Table 36 Raw'!F7 -> 14415.272 | D16: ='AEO 2023 Table 36 Raw'!G7 -> 14443.936 | E16: ='AEO 2023 Table 36 Raw'!H7 -> 14272.424 | F16: ='AEO 2023 Table 36 Raw'!I7 -> 14024.321 | G16: ='AEO 2023 Table 36 Raw'!J7 -> 13815.495 | H16: ='AEO 2023 Table 36 Raw'!K7 -> 13632.25 | I16: ='AEO 2023 Table 36 Raw'!L7 -> 13419.692 | J16: ='AEO 2023 Table 36 Raw'!M7 -> 13179.96 | ... AF16: ='AEO 2023 Table 36 Raw'!AI7 -> -0.009
A17: TEF000:ba_Ethanol | B17: E85 1/ | C17: ='AEO 2023 Table 36 Raw'!F8 -> 31.110834 | D17: ='AEO 2023 Table 36 Raw'!G8 -> 31.64006 | E17: ='AEO 2023 Table 36 Raw'!H8 -> 29.552767 | F17: ='AEO 2023 Table 36 Raw'!I8 -> 29.441513 | G17: ='AEO 2023 Table 36 Raw'!J8 -> 28.728485 | H17: ='AEO 2023 Table 36 Raw'!K8 -> 27.952177 | I17: ='AEO 2023 Table 36 Raw'!L8 -> 27.018059 | J17: ='AEO 2023 Table 36 Raw'!M8 -> 25.972713 | ... AF17: ='AEO 2023 Table 36 Raw'!AI8 -> -0.016
A18: TEF000:ba_Distillate(di | B18: Distillate Fuel Oil (diesel) | C18: ='AEO 2023 Table 36 Raw'!F9 -> 61.460403 | D18: ='AEO 2023 Table 36 Raw'!G9 -> 64.69902 | E18: ='AEO 2023 Table 36 Raw'!H9 -> 67.503647 | F18: ='AEO 2023 Table 36 Raw'!I9 -> 70.684074 | G18: ='AEO 2023 Table 36 Raw'!J9 -> 74.503555 | H18: ='AEO 2023 Table 36 Raw'!K9 -> 77.63253 | I18: ='AEO 2023 Table 36 Raw'!L9 -> 81.324982 | J18: ='AEO 2023 Table 36 Raw'!M9 -> 84.520767 | ... AF18: ='AEO 2023 Table 36 Raw'!AI9 -> 0.024
A19: TEF000:ba_CompressedNat | B19: Compressed/Liquefied Natural Gas | C19: ='AEO 2023 Table 36 Raw'!F10 -> 0.712888 | D19: ='AEO 2023 Table 36 Raw'!G10 -> 0.677668 | E19: ='AEO 2023 Table 36 Raw'!H10 -> 0.537752 | F19: ='AEO 2023 Table 36 Raw'!I10 -> 0.515005 | G19: ='AEO 2023 Table 36 Raw'!J10 -> 0.507019 | H19: ='AEO 2023 Table 36 Raw'!K10 -> 0.492443 | I19: ='AEO 2023 Table 36 Raw'!L10 -> 0.481839 | J19: ='AEO 2023 Table 36 Raw'!M10 -> 0.470472 | ... AF19: ='AEO 2023 Table 36 Raw'!AI10 -> -0.022
A20: TEF000:ba_LiquefiedPetr | B20: Propane | C20: ='AEO 2023 Table 36 Raw'!F11 -> 0.797388 | D20: ='AEO 2023 Table 36 Raw'!G11 -> 0.735487 | E20: ='AEO 2023 Table 36 Raw'!H11 -> 0.547456 | F20: ='AEO 2023 Table 36 Raw'!I11 -> 0.540668 | G20: ='AEO 2023 Table 36 Raw'!J11 -> 0.544193 | H20: ='AEO 2023 Table 36 Raw'!K11 -> 0.561282 | I20: ='AEO 2023 Table 36 Raw'!L11 -> 0.312092 | J20: ='AEO 2023 Table 36 Raw'!M11 -> 0.33014 | ... AF20: ='AEO 2023 Table 36 Raw'!AI11 -> 0.019
A21: TEF000:ba_Electricity | B21: Electricity | C21: ='AEO 2023 Table 36 Raw'!F12 -> 32.193668 | D21: ='AEO 2023 Table 36 Raw'!G12 -> 43.907116 | E21: ='AEO 2023 Table 36 Raw'!H12 -> 58.529484 | F21: ='AEO 2023 Table 36 Raw'!I12 -> 75.757942 | G21: ='AEO 2023 Table 36 Raw'!J12 -> 96.391159 | H21: ='AEO 2023 Table 36 Raw'!K12 -> 121.06613 | I21: ='AEO 2023 Table 36 Raw'!L12 -> 149.37682 | J21: ='AEO 2023 Table 36 Raw'!M12 -> 181.62849 | ... AF21: ='AEO 2023 Table 36 Raw'!AI12 -> 0.118
A22: TEF000:ba_LiquidHydroge | B22: Hydrogen | C22: ='AEO 2023 Table 36 Raw'!F13 -> 0.426139 | D22: ='AEO 2023 Table 36 Raw'!G13 -> 0.518183 | E22: ='AEO 2023 Table 36 Raw'!H13 -> 0.595767 | F22: ='AEO 2023 Table 36 Raw'!I13 -> 0.665118 | G22: ='AEO 2023 Table 36 Raw'!J13 -> 0.737872 | H22: ='AEO 2023 Table 36 Raw'!K13 -> 0.80678 | I22: ='AEO 2023 Table 36 Raw'!L13 -> 0.879698 | J22: ='AEO 2023 Table 36 Raw'!M13 -> 0.948358 | ... AF22: ='AEO 2023 Table 36 Raw'!AI13 -> 0.053
A24: TEF000:ca_CommercialLig | B24: Commercial Light Trucks 2/ | C24: ='AEO 2023 Table 36 Raw'!F14 -> 951.50281 | D24: ='AEO 2023 Table 36 Raw'!G14 -> 942.55829 | E24: ='AEO 2023 Table 36 Raw'!H14 -> 925.34039 | F24: ='AEO 2023 Table 36 Raw'!I14 -> 912.45154 | G24: ='AEO 2023 Table 36 Raw'!J14 -> 903.11096 | H24: ='AEO 2023 Table 36 Raw'!K14 -> 894.80664 | I24: ='AEO 2023 Table 36 Raw'!L14 -> 888.38452 | J24: ='AEO 2023 Table 36 Raw'!M14 -> 882.9956 | ... AF24: ='AEO 2023 Table 36 Raw'!AI14 -> 0.001
A25: TEF000:clt_MotorGas | B25: Motor Gasoline excluding E85 1/ | C25: ='AEO 2023 Table 36 Raw'!F15 -> 657.76746 | D25: ='AEO 2023 Table 36 Raw'!G15 -> 651.25983 | E25: ='AEO 2023 Table 36 Raw'!H15 -> 640.80762 | F25: ='AEO 2023 Table 36 Raw'!I15 -> 634.44543 | G25: ='AEO 2023 Table 36 Raw'!J15 -> 630.82428 | H25: ='AEO 2023 Table 36 Raw'!K15 -> 624.78125 | I25: ='AEO 2023 Table 36 Raw'!L15 -> 620.94763 | J25: ='AEO 2023 Table 36 Raw'!M15 -> 618.08075 | ... AF25: ='AEO 2023 Table 36 Raw'!AI15 -> 0.002
A26: TEF000:clt_e85 | B26: E85 1/ | C26: ='AEO 2023 Table 36 Raw'!F16 -> 3.51367 | D26: ='AEO 2023 Table 36 Raw'!G16 -> 3.389497 | E26: ='AEO 2023 Table 36 Raw'!H16 -> 2.991625 | F26: ='AEO 2023 Table 36 Raw'!I16 -> 2.903706 | G26: ='AEO 2023 Table 36 Raw'!J16 -> 2.76768 | H26: ='AEO 2023 Table 36 Raw'!K16 -> 2.708098 | I26: ='AEO 2023 Table 36 Raw'!L16 -> 2.664845 | J26: ='AEO 2023 Table 36 Raw'!M16 -> 2.671002 | ... AF26: ='AEO 2023 Table 36 Raw'!AI16 -> 0.015
A27: TEF000:clt_Diesel | B27: Distillate Fuel Oil (diesel) | C27: ='AEO 2023 Table 36 Raw'!F17 -> 289.12039 | D27: ='AEO 2023 Table 36 Raw'!G17 -> 286.82144 | E27: ='AEO 2023 Table 36 Raw'!H17 -> 280.46921 | F27: ='AEO 2023 Table 36 Raw'!I17 -> 274.07837 | G27: ='AEO 2023 Table 36 Raw'!J17 -> 268.54092 | H27: ='AEO 2023 Table 36 Raw'!K17 -> 266.37576 | I27: ='AEO 2023 Table 36 Raw'!L17 -> 263.84299 | J27: ='AEO 2023 Table 36 Raw'!M17 -> 261.31543 | ... AF27: ='AEO 2023 Table 36 Raw'!AI17 -> -0.003
A28: TEF000:clt_propane | B28: Propane | C28: ='AEO 2023 Table 36 Raw'!F18 -> 0.001192 | D28: ='AEO 2023 Table 36 Raw'!G18 -> 0.059367 | E28: ='AEO 2023 Table 36 Raw'!H18 -> 0.11705 | F28: ='AEO 2023 Table 36 Raw'!I18 -> 0.172413 | G28: ='AEO 2023 Table 36 Raw'!J18 -> 0.229498 | H28: ='AEO 2023 Table 36 Raw'!K18 -> 0.283619 | I28: ='AEO 2023 Table 36 Raw'!L18 -> 0.336463 | J28: ='AEO 2023 Table 36 Raw'!M18 -> 0.393365 | ... AF28: ='AEO 2023 Table 36 Raw'!AI18 -> 0.344
A29: TEF000:clt_natural_gas | B29: Compressed/Liquefied Natural Gas | C29: ='AEO 2023 Table 36 Raw'!F19 -> 1.100109 | D29: ='AEO 2023 Table 36 Raw'!G19 -> 1.028096 | E29: ='AEO 2023 Table 36 Raw'!H19 -> 0.954857 | F29: ='AEO 2023 Table 36 Raw'!I19 -> 0.851628 | G29: ='AEO 2023 Table 36 Raw'!J19 -> 0.748517 | H29: ='AEO 2023 Table 36 Raw'!K19 -> 0.657968 | I29: ='AEO 2023 Table 36 Raw'!L19 -> 0.592555 | J29: ='AEO 2023 Table 36 Raw'!M19 -> 0.535011 | ... AF29: ='AEO 2023 Table 36 Raw'!AI19 -> -0.117
A30: TEF000:clt_electricity | B30: Electricity | C30: ='AEO 2023 Table 36 Raw'!F20 -> 0 | D30: ='AEO 2023 Table 36 Raw'!G20 -> 0 | E30: ='AEO 2023 Table 36 Raw'!H20 -> 0 | F30: ='AEO 2023 Table 36 Raw'!I20 -> 0 | G30: ='AEO 2023 Table 36 Raw'!J20 -> 0 | H30: ='AEO 2023 Table 36 Raw'!K20 -> 0 | I30: ='AEO 2023 Table 36 Raw'!L20 -> 0 | J30: ='AEO 2023 Table 36 Raw'!M20 -> 0 | ... AF30: ='AEO 2023 Table 36 Raw'!AI20 -> - -
A31: TEF000:clt_hydrogen | B31: Hydrogen | C31: ='AEO 2023 Table 36 Raw'!F21 -> 0 | D31: ='AEO 2023 Table 36 Raw'!G21 -> 0 | E31: ='AEO 2023 Table 36 Raw'!H21 -> 0 | F31: ='AEO 2023 Table 36 Raw'!I21 -> 0 | G31: ='AEO 2023 Table 36 Raw'!J21 -> 0 | H31: ='AEO 2023 Table 36 Raw'!K21 -> 0 | I31: ='AEO 2023 Table 36 Raw'!L21 -> 0 | J31: ='AEO 2023 Table 36 Raw'!M21 -> 0 | ... AF31: ='AEO 2023 Table 36 Raw'!AI21 -> - -
A33: TEF000:da_Total | B33: Freight Trucks 3/ | C33: ='AEO 2023 Table 36 Raw'!F22 -> 5922.791 | D33: ='AEO 2023 Table 36 Raw'!G22 -> 5816.7056 | E33: ='AEO 2023 Table 36 Raw'!H22 -> 5728.0952 | F33: ='AEO 2023 Table 36 Raw'!I22 -> 5673.0986 | G33: ='AEO 2023 Table 36 Raw'!J22 -> 5638.8965 | H33: ='AEO 2023 Table 36 Raw'!K22 -> 5591.7085 | I33: ='AEO 2023 Table 36 Raw'!L22 -> 5543.7119 | J33: ='AEO 2023 Table 36 Raw'!M22 -> 5483.6694 | ... AF33: ='AEO 2023 Table 36 Raw'!AI22 -> -0.003
A34: TEF000:da_MotorGasoline | B34: Motor Gasoline | C34: ='AEO 2023 Table 36 Raw'!F23 -> 616.2052 | D34: ='AEO 2023 Table 36 Raw'!G23 -> 611.60089 | E34: ='AEO 2023 Table 36 Raw'!H23 -> 610.37268 | F34: ='AEO 2023 Table 36 Raw'!I23 -> 612.19367 | G34: ='AEO 2023 Table 36 Raw'!J23 -> 616.9259 | H34: ='AEO 2023 Table 36 Raw'!K23 -> 620.02863 | I34: ='AEO 2023 Table 36 Raw'!L23 -> 623.43561 | J34: ='AEO 2023 Table 36 Raw'!M23 -> 626.1109 | ... AF34: ='AEO 2023 Table 36 Raw'!AI23 -> 0.009
A35: TEF000:da_Distillate(di | B35: Distillate Fuel Oil (diesel) | C35: ='AEO 2023 Table 36 Raw'!F24 -> 5252.3306 | D35: ='AEO 2023 Table 36 Raw'!G24 -> 5150.2441 | E35: ='AEO 2023 Table 36 Raw'!H24 -> 5062.3154 | F35: ='AEO 2023 Table 36 Raw'!I24 -> 5004.9751 | G35: ='AEO 2023 Table 36 Raw'!J24 -> 4965.6987 | H35: ='AEO 2023 Table 36 Raw'!K24 -> 4915.5693 | I35: ='AEO 2023 Table 36 Raw'!L24 -> 4864.6592 | J35: ='AEO 2023 Table 36 Raw'!M24 -> 4802.8213 | ... AF35: ='AEO 2023 Table 36 Raw'!AI24 -> -0.005
A36: TEF000:da_CompressedNat | B36: Compressed/Liquefied Natural Gas | C36: ='AEO 2023 Table 36 Raw'!F25 -> 51.344929 | D36: ='AEO 2023 Table 36 Raw'!G25 -> 51.773193 | E36: ='AEO 2023 Table 36 Raw'!H25 -> 51.965775 | F36: ='AEO 2023 Table 36 Raw'!I25 -> 52.061794 | G36: ='AEO 2023 Table 36 Raw'!J25 -> 52.003609 | H36: ='AEO 2023 Table 36 Raw'!K25 -> 51.453991 | I36: ='AEO 2023 Table 36 Raw'!L25 -> 50.587242 | J36: ='AEO 2023 Table 36 Raw'!M25 -> 49.35791 | ... AF36: ='AEO 2023 Table 36 Raw'!AI25 -> 0.016
A37: TEF000:da_LiquefiedPetr | B37: Propane | C37: ='AEO 2023 Table 36 Raw'!F26 -> 1.245265 | D37: ='AEO 2023 Table 36 Raw'!G26 -> 1.386178 | E37: ='AEO 2023 Table 36 Raw'!H26 -> 1.524881 | F37: ='AEO 2023 Table 36 Raw'!I26 -> 1.656008 | G37: ='AEO 2023 Table 36 Raw'!J26 -> 1.786266 | H37: ='AEO 2023 Table 36 Raw'!K26 -> 1.903707 | I37: ='AEO 2023 Table 36 Raw'!L26 -> 2.010578 | J37: ='AEO 2023 Table 36 Raw'!M26 -> 2.099689 | ... AF37: ='AEO 2023 Table 36 Raw'!AI26 -> 0.056
A38: TEF000:ft_eeeeeeeeeee85 | B38: E85 | C38: ='AEO 2023 Table 36 Raw'!F27 -> 1.575329 | D38: ='AEO 2023 Table 36 Raw'!G27 -> 1.59209 | E38: ='AEO 2023 Table 36 Raw'!H27 -> 1.542675 | F38: ='AEO 2023 Table 36 Raw'!I27 -> 1.600683 | G38: ='AEO 2023 Table 36 Raw'!J27 -> 1.639342 | H38: ='AEO 2023 Table 36 Raw'!K27 -> 1.678971 | I38: ='AEO 2023 Table 36 Raw'!L27 -> 1.719318 | J38: ='AEO 2023 Table 36 Raw'!M27 -> 1.762707 | ... AF38: ='AEO 2023 Table 36 Raw'!AI27 -> 0.033
A39: TEF000:ft_electricity | B39: Electricity | C39: ='AEO 2023 Table 36 Raw'!F28 -> 0.090132 | D39: ='AEO 2023 Table 36 Raw'!G28 -> 0.109146 | E39: ='AEO 2023 Table 36 Raw'!H28 -> 0.144005 | F39: ='AEO 2023 Table 36 Raw'!I28 -> 0.163405 | G39: ='AEO 2023 Table 36 Raw'!J28 -> 0.180895 | H39: ='AEO 2023 Table 36 Raw'!K28 -> 0.195757 | I39: ='AEO 2023 Table 36 Raw'!L28 -> 0.208274 | J39: ='AEO 2023 Table 36 Raw'!M28 -> 0.218016 | ... AF39: ='AEO 2023 Table 36 Raw'!AI28 -> 0.054
A40: TEF000:ft_hydrogen | B40: Hydrogen | C40: ='AEO 2023 Table 36 Raw'!F29 -> 0 | D40: ='AEO 2023 Table 36 Raw'!G29 -> 0 | E40: ='AEO 2023 Table 36 Raw'!H29 -> 0.229727 | F40: ='AEO 2023 Table 36 Raw'!I29 -> 0.447252 | G40: ='AEO 2023 Table 36 Raw'!J29 -> 0.662312 | H40: ='AEO 2023 Table 36 Raw'!K29 -> 0.877515 | I40: ='AEO 2023 Table 36 Raw'!L29 -> 1.09125 | J40: ='AEO 2023 Table 36 Raw'!M29 -> 1.299036 | ... AF40: ='AEO 2023 Table 36 Raw'!AI29 -> - -
A43: TEF000:ea_Total | B43: Freight Rail 4/ | C43: ='AEO 2023 Table 36 Raw'!F30 -> 481.38171 | D43: ='AEO 2023 Table 36 Raw'!G30 -> 474.82239 | E43: ='AEO 2023 Table 36 Raw'!H30 -> 494.12915 | F43: ='AEO 2023 Table 36 Raw'!I30 -> 482.20422 | G43: ='AEO 2023 Table 36 Raw'!J30 -> 461.88034 | H43: ='AEO 2023 Table 36 Raw'!K30 -> 446.09524 | I43: ='AEO 2023 Table 36 Raw'!L30 -> 439.74536 | J43: ='AEO 2023 Table 36 Raw'!M30 -> 444.5257 | ... AF43: ='AEO 2023 Table 36 Raw'!AI30 -> 0
A44: TEF000:ea_Distillate(di | B44: Distillate Fuel Oil (diesel) | C44: ='AEO 2023 Table 36 Raw'!F31 -> 480.86655 | D44: ='AEO 2023 Table 36 Raw'!G31 -> 473.79251 | E44: ='AEO 2023 Table 36 Raw'!H31 -> 492.51502 | F44: ='AEO 2023 Table 36 Raw'!I31 -> 480.10034 | G44: ='AEO 2023 Table 36 Raw'!J31 -> 459.17535 | H44: ='AEO 2023 Table 36 Raw'!K31 -> 442.59573 | I44: ='AEO 2023 Table 36 Raw'!L31 -> 435.20493 | J44: ='AEO 2023 Table 36 Raw'!M31 -> 438.61609 | ... AF44: ='AEO 2023 Table 36 Raw'!AI31 -> -0.011
A45: TEF000:ea_ResidualOil | B45: Residual Fuel Oil | C45: ='AEO 2023 Table 36 Raw'!F32 -> 0 | D45: ='AEO 2023 Table 36 Raw'!G32 -> 0 | E45: ='AEO 2023 Table 36 Raw'!H32 -> 0 | F45: ='AEO 2023 Table 36 Raw'!I32 -> 0 | G45: ='AEO 2023 Table 36 Raw'!J32 -> 0 | H45: ='AEO 2023 Table 36 Raw'!K32 -> 0 | I45: ='AEO 2023 Table 36 Raw'!L32 -> 0 | J45: ='AEO 2023 Table 36 Raw'!M32 -> 0 | ... AF45: ='AEO 2023 Table 36 Raw'!AI32 -> - -
A46: TEF000:ea_SeeEnGee | B46: Compressed Natural Gas | C46: ='AEO 2023 Table 36 Raw'!F33 -> 0 | D46: ='AEO 2023 Table 36 Raw'!G33 -> 0 | E46: ='AEO 2023 Table 36 Raw'!H33 -> 0 | F46: ='AEO 2023 Table 36 Raw'!I33 -> 0 | G46: ='AEO 2023 Table 36 Raw'!J33 -> 0 | H46: ='AEO 2023 Table 36 Raw'!K33 -> 0 | I46: ='AEO 2023 Table 36 Raw'!L33 -> 0 | J46: ='AEO 2023 Table 36 Raw'!M33 -> 0 | ... AF46: ='AEO 2023 Table 36 Raw'!AI33 -> - -
A47: TEF000:ea_LiquidNG | B47: Liquefied Natural Gas | C47: ='AEO 2023 Table 36 Raw'!F34 -> 0.515163 | D47: ='AEO 2023 Table 36 Raw'!G34 -> 1.02989 | E47: ='AEO 2023 Table 36 Raw'!H34 -> 1.614129 | F47: ='AEO 2023 Table 36 Raw'!I34 -> 2.103867 | G47: ='AEO 2023 Table 36 Raw'!J34 -> 2.704991 | H47: ='AEO 2023 Table 36 Raw'!K34 -> 3.499511 | I47: ='AEO 2023 Table 36 Raw'!L34 -> 4.540437 | J47: ='AEO 2023 Table 36 Raw'!M34 -> 5.909603 | ... AF47: ='AEO 2023 Table 36 Raw'!AI34 -> 0.215
A49: TEF000:fa_Total | B49: Domestic Shipping | C49: ='AEO 2023 Table 36 Raw'!F35 -> 98.239021 | D49: ='AEO 2023 Table 36 Raw'!G35 -> 98.920753 | E49: ='AEO 2023 Table 36 Raw'!H35 -> 98.114662 | F49: ='AEO 2023 Table 36 Raw'!I35 -> 97.346069 | G49: ='AEO 2023 Table 36 Raw'!J35 -> 96.685867 | H49: ='AEO 2023 Table 36 Raw'!K35 -> 95.823471 | I49: ='AEO 2023 Table 36 Raw'!L35 -> 94.964699 | J49: ='AEO 2023 Table 36 Raw'!M35 -> 93.890503 | ... AF49: ='AEO 2023 Table 36 Raw'!AI35 -> -0.007
A50: TEF000:fa_Distillate(di | B50: Distillate Fuel Oil (diesel) | C50: ='AEO 2023 Table 36 Raw'!F36 -> 95.724983 | D50: ='AEO 2023 Table 36 Raw'!G36 -> 96.410873 | E50: ='AEO 2023 Table 36 Raw'!H36 -> 95.648369 | F50: ='AEO 2023 Table 36 Raw'!I36 -> 94.922401 | G50: ='AEO 2023 Table 36 Raw'!J36 -> 94.299675 | H50: ='AEO 2023 Table 36 Raw'!K36 -> 93.480141 | I50: ='AEO 2023 Table 36 Raw'!L36 -> 92.663536 | J50: ='AEO 2023 Table 36 Raw'!M36 -> 91.636002 | ... AF50: ='AEO 2023 Table 36 Raw'!AI36 -> -0.008
A51: TEF000:fa_ResidualOil | B51: Residual Oil | C51: ='AEO 2023 Table 36 Raw'!F37 -> 1.875904 | D51: ='AEO 2023 Table 36 Raw'!G37 -> 1.807883 | E51: ='AEO 2023 Table 36 Raw'!H37 -> 1.713682 | F51: ='AEO 2023 Table 36 Raw'!I37 -> 1.621937 | G51: ='AEO 2023 Table 36 Raw'!J37 -> 1.541314 | H51: ='AEO 2023 Table 36 Raw'!K37 -> 1.455168 | I51: ='AEO 2023 Table 36 Raw'!L37 -> 1.371278 | J51: ='AEO 2023 Table 36 Raw'!M37 -> 1.286325 | ... AF51: ='AEO 2023 Table 36 Raw'!AI37 -> -0.055
A52: TEF000:fa_MotorGasoline | B52: Compressed Natural Gas | C52: ='AEO 2023 Table 36 Raw'!F38 -> 0 | D52: ='AEO 2023 Table 36 Raw'!G38 -> 0 | E52: ='AEO 2023 Table 36 Raw'!H38 -> 0 | F52: ='AEO 2023 Table 36 Raw'!I38 -> 0 | G52: ='AEO 2023 Table 36 Raw'!J38 -> 0 | H52: ='AEO 2023 Table 36 Raw'!K38 -> 0 | I52: ='AEO 2023 Table 36 Raw'!L38 -> 0 | J52: ='AEO 2023 Table 36 Raw'!M38 -> 0 | ... AF52: ='AEO 2023 Table 36 Raw'!AI38 -> - -
A53: TEF000:fa_LiquidNG | B53: Liquefied Natural Gas | C53: ='AEO 2023 Table 36 Raw'!F39 -> 0.638131 | D53: ='AEO 2023 Table 36 Raw'!G39 -> 0.702 | E53: ='AEO 2023 Table 36 Raw'!H39 -> 0.752607 | F53: ='AEO 2023 Table 36 Raw'!I39 -> 0.801725 | G53: ='AEO 2023 Table 36 Raw'!J39 -> 0.84488 | H53: ='AEO 2023 Table 36 Raw'!K39 -> 0.888157 | I53: ='AEO 2023 Table 36 Raw'!L39 -> 0.929884 | J53: ='AEO 2023 Table 36 Raw'!M39 -> 0.968181 | ... AF53: ='AEO 2023 Table 36 Raw'!AI39 -> 0.052
A55: TEF000:ga_Total | B55: International Shipping | C55: ='AEO 2023 Table 36 Raw'!F40 -> 935.02771 | D55: ='AEO 2023 Table 36 Raw'!G40 -> 881.83038 | E55: ='AEO 2023 Table 36 Raw'!H40 -> 877.7273 | F55: ='AEO 2023 Table 36 Raw'!I40 -> 878.60413 | G55: ='AEO 2023 Table 36 Raw'!J40 -> 871.25031 | H55: ='AEO 2023 Table 36 Raw'!K40 -> 868.44873 | I55: ='AEO 2023 Table 36 Raw'!L40 -> 862.68933 | J55: ='AEO 2023 Table 36 Raw'!M40 -> 859.14197 | ... AF55: ='AEO 2023 Table 36 Raw'!AI40 -> -0.003
A56: TEF000:ga_Distillate(di | B56: Distillate Fuel Oil (diesel) | C56: ='AEO 2023 Table 36 Raw'!F41 -> 222.93867 | D56: ='AEO 2023 Table 36 Raw'!G41 -> 318.21375 | E56: ='AEO 2023 Table 36 Raw'!H41 -> 318.50684 | F56: ='AEO 2023 Table 36 Raw'!I41 -> 321.42749 | G56: ='AEO 2023 Table 36 Raw'!J41 -> 326.40894 | H56: ='AEO 2023 Table 36 Raw'!K41 -> 331.7504 | I56: ='AEO 2023 Table 36 Raw'!L41 -> 339.13263 | J56: ='AEO 2023 Table 36 Raw'!M41 -> 343.65381 | ... AF56: ='AEO 2023 Table 36 Raw'!AI41 -> 0.017
A57: TEF000:ga_ResidualOil | B57: Residual Oil | C57: ='AEO 2023 Table 36 Raw'!F42 -> 685.66516 | D57: ='AEO 2023 Table 36 Raw'!G42 -> 532.14972 | E57: ='AEO 2023 Table 36 Raw'!H42 -> 519.35321 | F57: ='AEO 2023 Table 36 Raw'!I42 -> 520.34845 | G57: ='AEO 2023 Table 36 Raw'!J42 -> 497.46442 | H57: ='AEO 2023 Table 36 Raw'!K42 -> 487.75363 | I57: ='AEO 2023 Table 36 Raw'!L42 -> 469.75632 | J57: ='AEO 2023 Table 36 Raw'!M42 -> 458.26987 | ... AF57: ='AEO 2023 Table 36 Raw'!AI42 -> -0.017
A58: TEF000:ga_SeeEnGee | B58: Compressed Natural Gas | C58: ='AEO 2023 Table 36 Raw'!F43 -> 0 | D58: ='AEO 2023 Table 36 Raw'!G43 -> 0 | E58: ='AEO 2023 Table 36 Raw'!H43 -> 0 | F58: ='AEO 2023 Table 36 Raw'!I43 -> 0 | G58: ='AEO 2023 Table 36 Raw'!J43 -> 0 | H58: ='AEO 2023 Table 36 Raw'!K43 -> 0 | I58: ='AEO 2023 Table 36 Raw'!L43 -> 0 | J58: ='AEO 2023 Table 36 Raw'!M43 -> 0 | ... AF58: ='AEO 2023 Table 36 Raw'!AI43 -> - -
A59: TEF000:ga_LiquidNG | B59: Liquefied Natural Gas | C59: ='AEO 2023 Table 36 Raw'!F44 -> 26.423862 | D59: ='AEO 2023 Table 36 Raw'!G44 -> 31.466925 | E59: ='AEO 2023 Table 36 Raw'!H44 -> 39.867241 | F59: ='AEO 2023 Table 36 Raw'!I44 -> 36.82819 | G59: ='AEO 2023 Table 36 Raw'!J44 -> 47.376953 | H59: ='AEO 2023 Table 36 Raw'!K44 -> 48.944679 | I59: ='AEO 2023 Table 36 Raw'!L44 -> 53.800423 | J59: ='AEO 2023 Table 36 Raw'!M44 -> 57.218277 | ... AF59: ='AEO 2023 Table 36 Raw'!AI44 -> 0.04
A61: TEF000:ha_Total | B61: Air Transportation | C61: ='AEO 2023 Table 36 Raw'!F45 -> 2802.8074 | D61: ='AEO 2023 Table 36 Raw'!G45 -> 3008.168 | E61: ='AEO 2023 Table 36 Raw'!H45 -> 3051.2026 | F61: ='AEO 2023 Table 36 Raw'!I45 -> 3057.1106 | G61: ='AEO 2023 Table 36 Raw'!J45 -> 3095.8982 | H61: ='AEO 2023 Table 36 Raw'!K45 -> 3134.2268 | I61: ='AEO 2023 Table 36 Raw'!L45 -> 3164.5515 | J61: ='AEO 2023 Table 36 Raw'!M45 -> 3187.1082 | ... AF61: ='AEO 2023 Table 36 Raw'!AI45 -> 0.014
A62: TEF000:ha_JetFuel | B62: Jet Fuel | C62: ='AEO 2023 Table 36 Raw'!F46 -> 2780.3857 | D62: ='AEO 2023 Table 36 Raw'!G46 -> 2985.7573 | E62: ='AEO 2023 Table 36 Raw'!H46 -> 3028.801 | F62: ='AEO 2023 Table 36 Raw'!I46 -> 3034.7166 | G62: ='AEO 2023 Table 36 Raw'!J46 -> 3073.5105 | H62: ='AEO 2023 Table 36 Raw'!K46 -> 3111.8442 | I62: ='AEO 2023 Table 36 Raw'!L46 -> 3142.1731 | J62: ='AEO 2023 Table 36 Raw'!M46 -> 3164.7332 | ... AF62: ='AEO 2023 Table 36 Raw'!AI46 -> 0.014
A63: TEF000:ha_AviationGasol | B63: Aviation Gasoline | C63: ='AEO 2023 Table 36 Raw'!F47 -> 22.421618 | D63: ='AEO 2023 Table 36 Raw'!G47 -> 22.410635 | E63: ='AEO 2023 Table 36 Raw'!H47 -> 22.401548 | F63: ='AEO 2023 Table 36 Raw'!I47 -> 22.394032 | G63: ='AEO 2023 Table 36 Raw'!J47 -> 22.387812 | H63: ='AEO 2023 Table 36 Raw'!K47 -> 22.382666 | I63: ='AEO 2023 Table 36 Raw'!L47 -> 22.378407 | J63: ='AEO 2023 Table 36 Raw'!M47 -> 22.374884 | ... AF63: ='AEO 2023 Table 36 Raw'!AI47 -> 0
A65: TEF000:ia_Total | B65: Military Use | C65: ='AEO 2023 Table 36 Raw'!F48 -> 430.83188 | D65: ='AEO 2023 Table 36 Raw'!G48 -> 433.13123 | E65: ='AEO 2023 Table 36 Raw'!H48 -> 433.96753 | F65: ='AEO 2023 Table 36 Raw'!I48 -> 434.6282 | G65: ='AEO 2023 Table 36 Raw'!J48 -> 435.16168 | H65: ='AEO 2023 Table 36 Raw'!K48 -> 435.94711 | I65: ='AEO 2023 Table 36 Raw'!L48 -> 436.50568 | J65: ='AEO 2023 Table 36 Raw'!M48 -> 436.9512 | ... AF65: ='AEO 2023 Table 36 Raw'!AI48 -> 0.001
A66: TEF000:ia_JetFuel | B66: Jet Fuel and Aviation Gasoline | C66: ='AEO 2023 Table 36 Raw'!F49 -> 334.44891 | D66: ='AEO 2023 Table 36 Raw'!G49 -> 336.23386 | E66: ='AEO 2023 Table 36 Raw'!H49 -> 336.88306 | F66: ='AEO 2023 Table 36 Raw'!I49 -> 337.39594 | G66: ='AEO 2023 Table 36 Raw'!J49 -> 337.81006 | H66: ='AEO 2023 Table 36 Raw'!K49 -> 338.4198 | I66: ='AEO 2023 Table 36 Raw'!L49 -> 338.85339 | J66: ='AEO 2023 Table 36 Raw'!M49 -> 339.19925 | ... AF66: ='AEO 2023 Table 36 Raw'!AI49 -> 0.001
A67: TEF000:ia_ResidualFuel | B67: Residual Fuel Oil | C67: ='AEO 2023 Table 36 Raw'!F50 -> 0 | D67: ='AEO 2023 Table 36 Raw'!G50 -> 0 | E67: ='AEO 2023 Table 36 Raw'!H50 -> 0 | F67: ='AEO 2023 Table 36 Raw'!I50 -> 0 | G67: ='AEO 2023 Table 36 Raw'!J50 -> 0 | H67: ='AEO 2023 Table 36 Raw'!K50 -> 0 | I67: ='AEO 2023 Table 36 Raw'!L50 -> 0 | J67: ='AEO 2023 Table 36 Raw'!M50 -> 0 | ... AF67: ='AEO 2023 Table 36 Raw'!AI50 -> - -
A68: TEF000:ia_Distillate | B68: Distillates and Diesel | C68: ='AEO 2023 Table 36 Raw'!F51 -> 96.382973 | D68: ='AEO 2023 Table 36 Raw'!G51 -> 96.897369 | E68: ='AEO 2023 Table 36 Raw'!H51 -> 97.084457 | F68: ='AEO 2023 Table 36 Raw'!I51 -> 97.232269 | G68: ='AEO 2023 Table 36 Raw'!J51 -> 97.351608 | H68: ='AEO 2023 Table 36 Raw'!K51 -> 97.527321 | I68: ='AEO 2023 Table 36 Raw'!L51 -> 97.652275 | J68: ='AEO 2023 Table 36 Raw'!M51 -> 97.751961 | ... AF68: ='AEO 2023 Table 36 Raw'!AI51 -> 0.001
A70: TEF000:ja_Total | B70: Bus Transportation | C70: ='AEO 2023 Table 36 Raw'!F52 -> 210.97722 | D70: ='AEO 2023 Table 36 Raw'!G52 -> 220.80747 | E70: ='AEO 2023 Table 36 Raw'!H52 -> 225.1512 | F70: ='AEO 2023 Table 36 Raw'!I52 -> 225.93091 | G70: ='AEO 2023 Table 36 Raw'!J52 -> 226.44176 | H70: ='AEO 2023 Table 36 Raw'!K52 -> 226.74643 | I70: ='AEO 2023 Table 36 Raw'!L52 -> 226.78705 | J70: ='AEO 2023 Table 36 Raw'!M52 -> 226.39072 | ... AF70: ='AEO 2023 Table 36 Raw'!AI52 -> -0.004
A71: TEF000:bus_transit_tot | B71: Transit Bus | C71: ='AEO 2023 Table 36 Raw'!F53 -> 92.212234 | D71: ='AEO 2023 Table 36 Raw'!G53 -> 95.83783 | E71: ='AEO 2023 Table 36 Raw'!H53 -> 98.320953 | F71: ='AEO 2023 Table 36 Raw'!I53 -> 98.870079 | G71: ='AEO 2023 Table 36 Raw'!J53 -> 99.844643 | H71: ='AEO 2023 Table 36 Raw'!K53 -> 100.61442 | I71: ='AEO 2023 Table 36 Raw'!L53 -> 101.24708 | J71: ='AEO 2023 Table 36 Raw'!M53 -> 101.61662 | ... AF71: ='AEO 2023 Table 36 Raw'!AI53 -> -0.002
A72: TEF000:ja_TransitBus(mo | B72: Motor Gasoline | C72: ='AEO 2023 Table 36 Raw'!F54 -> 12.007432 | D72: ='AEO 2023 Table 36 Raw'!G54 -> 12.465114 | E72: ='AEO 2023 Table 36 Raw'!H54 -> 12.775763 | F72: ='AEO 2023 Table 36 Raw'!I54 -> 12.835154 | G72: ='AEO 2023 Table 36 Raw'!J54 -> 12.958027 | H72: ='AEO 2023 Table 36 Raw'!K54 -> 13.056922 | I72: ='AEO 2023 Table 36 Raw'!L54 -> 13.141269 | J72: ='AEO 2023 Table 36 Raw'!M54 -> 13.190033 | ... AF72: ='AEO 2023 Table 36 Raw'!AI54 -> -0.002
A73: TEF000:bus_transit_e85 | B73: E85 | C73: ='AEO 2023 Table 36 Raw'!F55 -> 0.007432 | D73: ='AEO 2023 Table 36 Raw'!G55 -> 0.007763 | E73: ='AEO 2023 Table 36 Raw'!H55 -> 0.007949 | F73: ='AEO 2023 Table 36 Raw'!I55 -> 0.008029 | G73: ='AEO 2023 Table 36 Raw'!J55 -> 0.008141 | H73: ='AEO 2023 Table 36 Raw'!K55 -> 0.00821 | I73: ='AEO 2023 Table 36 Raw'!L55 -> 0.008257 | J73: ='AEO 2023 Table 36 Raw'!M55 -> 0.008279 | ... AF73: ='AEO 2023 Table 36 Raw'!AI55 -> -0.003
A74: TEF000:ja_TransitBus(di | B74: Distillate Fuel Oil (diesel) | C74: ='AEO 2023 Table 36 Raw'!F56 -> 52.012611 | D74: ='AEO 2023 Table 36 Raw'!G56 -> 54.015755 | E74: ='AEO 2023 Table 36 Raw'!H56 -> 55.245651 | F74: ='AEO 2023 Table 36 Raw'!I56 -> 55.522507 | G74: ='AEO 2023 Table 36 Raw'!J56 -> 56.047764 | H74: ='AEO 2023 Table 36 Raw'!K56 -> 56.442497 | I74: ='AEO 2023 Table 36 Raw'!L56 -> 56.754585 | J74: ='AEO 2023 Table 36 Raw'!M56 -> 56.903236 | ... AF74: ='AEO 2023 Table 36 Raw'!AI56 -> -0.007
A75: TEF000:bus_transit_CNG | B75: Compressed/Liquefied Natural Gas | C75: ='AEO 2023 Table 36 Raw'!F57 -> 26.102913 | D75: ='AEO 2023 Table 36 Raw'!G57 -> 27.152719 | E75: ='AEO 2023 Table 36 Raw'!H57 -> 27.997173 | F75: ='AEO 2023 Table 36 Raw'!I57 -> 28.156235 | G75: ='AEO 2023 Table 36 Raw'!J57 -> 28.412041 | H75: ='AEO 2023 Table 36 Raw'!K57 -> 28.617826 | I75: ='AEO 2023 Table 36 Raw'!L57 -> 28.781719 | J75: ='AEO 2023 Table 36 Raw'!M57 -> 28.881859 | ... AF75: ='AEO 2023 Table 36 Raw'!AI57 -> -0.003
A76: TEF000:bus_transit_LPG | B76: Propane | C76: ='AEO 2023 Table 36 Raw'!F58 -> 1.475766 | D76: ='AEO 2023 Table 36 Raw'!G58 -> 1.532684 | E76: ='AEO 2023 Table 36 Raw'!H58 -> 1.572022 | F76: ='AEO 2023 Table 36 Raw'!I58 -> 1.578621 | G76: ='AEO 2023 Table 36 Raw'!J58 -> 1.595975 | H76: ='AEO 2023 Table 36 Raw'!K58 -> 1.609501 | I76: ='AEO 2023 Table 36 Raw'!L58 -> 1.620445 | J76: ='AEO 2023 Table 36 Raw'!M58 -> 1.627665 | ... AF76: ='AEO 2023 Table 36 Raw'!AI58 -> -0.002
A77: TEF000:bus_transit_elec | B77: Electricity | C77: ='AEO 2023 Table 36 Raw'!F59 -> 0.582963 | D77: ='AEO 2023 Table 36 Raw'!G59 -> 0.639772 | E77: ='AEO 2023 Table 36 Raw'!H59 -> 0.697459 | F77: ='AEO 2023 Table 36 Raw'!I59 -> 0.744435 | G77: ='AEO 2023 Table 36 Raw'!J59 -> 0.797369 | H77: ='AEO 2023 Table 36 Raw'!K59 -> 0.853976 | I77: ='AEO 2023 Table 36 Raw'!L59 -> 0.915217 | J77: ='AEO 2023 Table 36 Raw'!M59 -> 0.979902 | ... AF77: ='AEO 2023 Table 36 Raw'!AI59 -> 0.094
A78: TEF000:bus_transit_hydr | B78: Hydrogen | C78: ='AEO 2023 Table 36 Raw'!F60 -> 0.023117 | D78: ='AEO 2023 Table 36 Raw'!G60 -> 0.024035 | E78: ='AEO 2023 Table 36 Raw'!H60 -> 0.024939 | F78: ='AEO 2023 Table 36 Raw'!I60 -> 0.025099 | G78: ='AEO 2023 Table 36 Raw'!J60 -> 0.025319 | H78: ='AEO 2023 Table 36 Raw'!K60 -> 0.025482 | I78: ='AEO 2023 Table 36 Raw'!L60 -> 0.025596 | J78: ='AEO 2023 Table 36 Raw'!M60 -> 0.025651 | ... AF78: ='AEO 2023 Table 36 Raw'!AI60 -> -0.004
A79: TEF000:bus_inter_total | B79: Intercity Bus | C79: ='AEO 2023 Table 36 Raw'!F61 -> 26.118862 | D79: ='AEO 2023 Table 36 Raw'!G61 -> 28.024412 | E79: ='AEO 2023 Table 36 Raw'!H61 -> 29.477226 | F79: ='AEO 2023 Table 36 Raw'!I61 -> 30.571621 | G79: ='AEO 2023 Table 36 Raw'!J61 -> 31.3964 | H79: ='AEO 2023 Table 36 Raw'!K61 -> 32.010113 | I79: ='AEO 2023 Table 36 Raw'!L61 -> 32.464531 | J79: ='AEO 2023 Table 36 Raw'!M61 -> 32.799759 | ... AF79: ='AEO 2023 Table 36 Raw'!AI61 -> 0.008
A80: TEF000:bus_inter_motor | B80: Motor Gasoline | C80: ='AEO 2023 Table 36 Raw'!F62 -> 0 | D80: ='AEO 2023 Table 36 Raw'!G62 -> 0 | E80: ='AEO 2023 Table 36 Raw'!H62 -> 0 | F80: ='AEO 2023 Table 36 Raw'!I62 -> 0 | G80: ='AEO 2023 Table 36 Raw'!J62 -> 0 | H80: ='AEO 2023 Table 36 Raw'!K62 -> 0 | I80: ='AEO 2023 Table 36 Raw'!L62 -> 0 | J80: ='AEO 2023 Table 36 Raw'!M62 -> 0 | ... AF80: ='AEO 2023 Table 36 Raw'!AI62 -> - -
A81: TEF000:bus_inter_e85 | B81: E85 | C81: ='AEO 2023 Table 36 Raw'!F63 -> 0 | D81: ='AEO 2023 Table 36 Raw'!G63 -> 0 | E81: ='AEO 2023 Table 36 Raw'!H63 -> 0 | F81: ='AEO 2023 Table 36 Raw'!I63 -> 0 | G81: ='AEO 2023 Table 36 Raw'!J63 -> 0 | H81: ='AEO 2023 Table 36 Raw'!K63 -> 0 | I81: ='AEO 2023 Table 36 Raw'!L63 -> 0 | J81: ='AEO 2023 Table 36 Raw'!M63 -> 0 | ... AF81: ='AEO 2023 Table 36 Raw'!AI63 -> - -
... A107: TEF000:ma_CommuteLNG | B107: Liquefied Natural Gas | C107: ='AEO 2023 Table 36 Raw'!F89 -> 0 | D107: ='AEO 2023 Table 36 Raw'!G89 -> 0 | E107: ='AEO 2023 Table 36 Raw'!H89 -> 0 | F107: ='AEO 2023 Table 36 Raw'!I89 -> 0 | G107: ='AEO 2023 Table 36 Raw'!J89 -> 0 | H107: ='AEO 2023 Table 36 Raw'!K89 -> 0 | I107: ='AEO 2023 Table 36 Raw'!L89 -> 0 | J107: ='AEO 2023 Table 36 Raw'!M89 -> 0 | ... AF107: ='AEO 2023 Table 36 Raw'!AI89 -> - -
A109: TEF000:na_RecreationBoa | B109: Recreational Boats | C109: ='AEO 2023 Table 36 Raw'!F90 -> 202.83664 | D109: ='AEO 2023 Table 36 Raw'!G90 -> 199.16296 | E109: ='AEO 2023 Table 36 Raw'!H90 -> 195.80548 | F109: ='AEO 2023 Table 36 Raw'!I90 -> 193.73721 | G109: ='AEO 2023 Table 36 Raw'!J90 -> 192.81314 | H109: ='AEO 2023 Table 36 Raw'!K90 -> 191.8974 | I109: ='AEO 2023 Table 36 Raw'!L90 -> 190.73351 | J109: ='AEO 2023 Table 36 Raw'!M90 -> 189.21046 | ... AF109: ='AEO 2023 Table 36 Raw'!AI90 -> -0.005
A110: TEF000:na_RecreateGas | B110: Gasoline | C110: ='AEO 2023 Table 36 Raw'!F91 -> 163.60873 | D110: ='AEO 2023 Table 36 Raw'!G91 -> 160.38701 | E110: ='AEO 2023 Table 36 Raw'!H91 -> 157.42775 | F110: ='AEO 2023 Table 36 Raw'!I91 -> 155.51083 | G110: ='AEO 2023 Table 36 Raw'!J91 -> 154.515 | H110: ='AEO 2023 Table 36 Raw'!K91 -> 153.52698 | I110: ='AEO 2023 Table 36 Raw'!L91 -> 152.34193 | J110: ='AEO 2023 Table 36 Raw'!M91 -> 150.87234 | ... AF110: ='AEO 2023 Table 36 Raw'!AI91 -> -0.006
A111: TEF000:na_RecreateDies | B111: Distillate Fuel Oil (diesel) | C111: ='AEO 2023 Table 36 Raw'!F92 -> 39.227898 | D111: ='AEO 2023 Table 36 Raw'!G92 -> 38.775948 | E111: ='AEO 2023 Table 36 Raw'!H92 -> 38.377731 | F111: ='AEO 2023 Table 36 Raw'!I92 -> 38.226379 | G111: ='AEO 2023 Table 36 Raw'!J92 -> 38.298149 | H111: ='AEO 2023 Table 36 Raw'!K92 -> 38.370419 | I111: ='AEO 2023 Table 36 Raw'!L92 -> 38.391571 | J111: ='AEO 2023 Table 36 Raw'!M92 -> 38.33812 | ... AF111: ='AEO 2023 Table 36 Raw'!AI92 -> 0.002
A113: TEF000:na_Lubricants | B113: Lubricants | C113: ='AEO 2023 Table 36 Raw'!F93 -> 125.94522 | D113: ='AEO 2023 Table 36 Raw'!G93 -> 125.92506 | E113: ='AEO 2023 Table 36 Raw'!H93 -> 126.01238 | F113: ='AEO 2023 Table 36 Raw'!I93 -> 126.04986 | G113: ='AEO 2023 Table 36 Raw'!J93 -> 126.11367 | H113: ='AEO 2023 Table 36 Raw'!K93 -> 125.98441 | I113: ='AEO 2023 Table 36 Raw'!L93 -> 125.853 | J113: ='AEO 2023 Table 36 Raw'!M93 -> 125.75523 | ... AF113: ='AEO 2023 Table 36 Raw'!AI93 -> 0
A114: TEF000:na_PipelineFuelN | B114: Pipeline Fuel Natural Gas | C114: ='AEO 2023 Table 36 Raw'!F94 -> 905.73224 | D114: ='AEO 2023 Table 36 Raw'!G94 -> 820.5426 | E114: ='AEO 2023 Table 36 Raw'!H94 -> 760.98248 | F114: ='AEO 2023 Table 36 Raw'!I94 -> 726.75244 | G114: ='AEO 2023 Table 36 Raw'!J94 -> 695.8501 | H114: ='AEO 2023 Table 36 Raw'!K94 -> 653.98541 | I114: ='AEO 2023 Table 36 Raw'!L94 -> 613.92792 | J114: ='AEO 2023 Table 36 Raw'!M94 -> 612.03296 | ... AF114: ='AEO 2023 Table 36 Raw'!AI94 -> -0.009
A116: TEF000:pa_TotalConsumpt | B116: Total Consumption | C116: ='AEO 2023 Table 36 Raw'!F95 -> 332.5231 | D116: ='AEO 2023 Table 36 Raw'!G95 -> 377.97052 | E116: ='AEO 2023 Table 36 Raw'!H95 -> 384.00461 | F116: ='AEO 2023 Table 36 Raw'!I95 -> 408.78293 | G116: ='AEO 2023 Table 36 Raw'!J95 -> 446.26065 | H116: ='AEO 2023 Table 36 Raw'!K95 -> 477.17264 | I116: ='AEO 2023 Table 36 Raw'!L95 -> 503.61008 | J116: ='AEO 2023 Table 36 Raw'!M95 -> 527.57086 | ... AF116: ='AEO 2023 Table 36 Raw'!AI95 -> 0.034
B118: 1/ E85 refers to a blend of 85 % ethanol (renewable) and 15 % motor gasoline (nonrenewable). To address cold starting issues,
B119: the percentage of ethanol varies seasonally. The annual average ethanol content of 74 percent is used for these projections.
B120: 2/ Commercial trucks from 8,501 to 10,000 pounds.
B121: 3/ Does not include military distillate. Does not include commercial buses.
B122: 4/ Does not include passenger rail.
B123: Btu = British thermal unit.
B124: - - = Not applicable.
B125: Note: Includes estimated consumption for petroleum and other liquids. Totals may not equal sum of components due to independent rounding.
B126: Sources: U.S. Energy Information Administration, AEO2022 National Energy Modeling System run ref2022.d011222a.

Sheet AEO 2022 Table 36
A1: Table 36. Transportation Sector Energy Use by Fuel Type Within a Mode
A2: https://www.eia.gov/outlooks/aeo/data/browser/#/?id=46-AEO2022&sourcekey=0
A3: Mon Apr 17 2023 14:01:03 GMT-0400 (Eastern Daylight Time) | F3: =F8/F7 -> 0.0023477061
A4: Source: U.S. Energy Information Administration
B5: full name | C5: api key | D5: units | E5: 2020 | F5: 2021 | G5: 2022 | H5: 2023 | I5: 2024 | J5: 2025 | K5: 2026 | L5: 2027 | M5: 2028 | N5: 2029 | O5: 2030 | P5: 2031 | Q5: 2032 | R5: 2033 | S5: 2034 | T5: 2035 | U5: 2036 | V5: 2037 | W5: 2038 | X5: 2039 | Y5: 2040 | Z5: 2041 | AA5: 2042 | AB5: 2043 | AC5: 2044 | AD5: 2045 | AE5: 2046 | AF5: 2047 | AG5: 2048 | AH5: 2049 | AI5: 2050 | AJ5: Growth (2021-2050)
A6: Light-Duty Vehicle | B6: Transportation Energy Use: Light-Duty Vehicle: Total: Reference case | C6: AEO.2022.REF2022.CNSM_NA_TRN_LDTY_NA_NA_NA_TRLBTU.A | D6: trillion Btu | F6: 14274.494 | G6: 14663.075 | H6: 14907.381 | I6: 14888.803 | J6: 14849.198 | K6: 14786.861 | L6: 14699.437 | M6: 14596.198 | N6: 14504.813 | O6: 14439.389 | P6: 14388.906 | Q6: 14328.155 | R6: 14293.91 | S6: 14263.882 | T6: 14229.495 | U6: 14203.658 | V6: 14192.496 | W6: 14188.244 | X6: 14197.581 | Y6: 14217.714 | Z6: 14239.969 | AA6: 14268.423 | AB6: 14301.932 | AC6: 14345.213 | AD6: 14399.621 | AE6: 14468.22 | AF6: 14540.374 | AG6: 14616.556 | AH6: 14701.98 | AI6: 14799.429 | AJ6: 0.001
A7: Motor Gasoline excluding E85 | B7: Transportation Energy Use: Light-Duty Vehicle: Motor Gasoline: Reference case | C7: AEO.2022.REF2022.CNSM_NA_TRN_LDTY_MGS_NA_NA_TRLBTU.A | D7: trillion Btu | F7: 14162.43 | G7: 14537.587 | H7: 14770.33 | I7: 14738.894 | J7: 14685.415 | K7: 14609.184 | L7: 14507.979 | M7: 14391.531 | N7: 14286.673 | O7: 14207.515 | P7: 14142.504 | Q7: 14067.616 | R7: 14018.539 | S7: 13974.09 | T7: 13924.718 | U7: 13883.07 | V7: 13855.946 | W7: 13835.8 | X7: 13828.553 | Y7: 13831.425 | Z7: 13836.824 | AA7: 13848.345 | AB7: 13864.306 | AC7: 13890.319 | AD7: 13927.31 | AE7: 13978.471 | AF7: 14033.086 | AG7: 14091.706 | AH7: 14159.391 | AI7: 14238.774 | AJ7: 0
A8: E85 | B8: Transportation Energy Use: Light-Duty Vehicle: Ethanol: Reference case | C8: AEO.2022.REF2022.CNSM_NA_TRN_LDTY_ETH_NA_NA_TRLBTU.A | D8: trillion Btu | F8: 33.249222 | G8: 34.150459 | H8: 31.936682 | I8: 31.592466 | J8: 31.286394 | K8: 30.500689 | L8: 29.567623 | M8: 28.523621 | N8: 27.601944 | O8: 26.584057 | P8: 25.489037 | Q8: 24.533689 | R8: 23.990046 | S8: 22.778982 | T8: 22.123808 | U8: 22.124821 | V8: 21.992409 | W8: 21.684839 | X8: 21.760233 | Y8: 21.844385 | Z8: 21.925299 | AA8: 22.19059 | AB8: 22.390591 | AC8: 22.596132 | AD8: 22.876339 | AE8: 23.153646 | AF8: 23.499598 | AG8: 23.893427 | AH8: 24.297373 | AI8: 24.739059 | AJ8: -0.01
A9: Distillate Fuel Oil (diesel) | B9: Transportation Energy Use: Light-Duty Vehicle: Distillate Fuel Oil: Reference case | C9: AEO.2022.REF2022.CNSM_NA_TRN_LDTY_DFO_NA_NA_TRLBTU.A | D9: trillion Btu | F9: 52.341072 | G9: 55.01844 | H9: 57.293983 | I9: 58.347095 | J9: 59.292046 | K9: 60.054276 | L9: 60.645832 | M9: 61.085117 | N9: 61.376377 | O9: 61.730705 | P9: 62.624172 | Q9: 62.985115 | R9: 63.372196 | S9: 63.817276 | T9: 64.206192 | U9: 64.635818 | V9: 65.138245 | W9: 65.602219 | X9: 66.192047 | Y9: 67.346855 | Z9: 68.094498 | AA9: 68.773445 | AB9: 69.845009 | AC9: 70.345085 | AD9: 70.781784 | AE9: 71.416443 | AF9: 72.050423 | AG9: 72.693031 | AH9: 73.365067 | AI9: 74.101059 | AJ9: 0.012
A10: Compressed/Liquefied Natural Gas | B10: Transportation Energy Use: Light-Duty Vehicle: Natural Gas: Reference case | C10: AEO.2022.REF2022.CNSM_NA_TRN_LDTY_NG_NA_NA_TRLBTU.A | D10: trillion Btu | F10: 0.674311 | G10: 0.666085 | H10: 0.635873 | I10: 0.527529 | J10: 0.5058 | K10: 0.497821 | L10: 0.48537 | M10: 0.477923 | N10: 0.468808 | O10: 0.451229 | P10: 0.4522 | Q10: 0.45075 | R10: 0.450878 | S10: 0.454241 | T10: 0.457507 | U10: 0.459662 | V10: 0.462911 | W10: 0.469531 | X10: 0.438545 | Y10: 0.405692 | Z10: 0.415069 | AA10: 0.423495 | AB10: 0.431123 | AC10: 0.438026 | AD10: 0.445814 | AE10: 0.454124 | AF10: 0.462643 | AG10: 0.471397 | AH10: 0.480372 | AI10: 0.489696 | AJ10: -0.011
A11: Propane | B11: Transportation Energy Use: Light-Duty Vehicle: Propane: Reference case | C11: AEO.2022.REF2022.CNSM_NA_TRN_LDTY_PROP_NA_NA_TRLBTU.A | D11: trillion Btu | F11: 0.67332 | G11: 0.653103 | H11: 0.648225 | I11: 0.519489 | J11: 0.544554 | K11: 0.577365 | L11: 0.618789 | M11: 0.465343 | N11: 0.506107 | O11: 0.578045 | P11: 0.650132 | Q11: 0.720684 | R11: 0.79029 | S11: 0.858964 | T11: 0.925509 | U11: 0.990635 | V11: 1.054499 | W11: 1.11701 | X11: 1.178594 | Y11: 1.238751 | Z11: 1.297756 | AA11: 1.356722 | AB11: 1.416171 | AC11: 1.47592 | AD11: 1.541991 | AE11: 1.613723 | AF11: 1.688793 | AG11: 1.766973 | AH11: 1.849522 | AI11: 1.937421 | AJ11: 0.037
A12: Electricity | B12: Transportation Energy Use: Light-Duty Vehicle: Electricity: Reference case | C12: AEO.2022.REF2022.CNSM_NA_TRN_LDTY_ELC_NA_NA_TRLBTU.A | D12: trillion Btu | F12: 24.764069 | G12: 34.51189 | H12: 45.918655 | I12: 58.18293 | J12: 71.282509 | K12: 85.031136 | L12: 98.971512 | M12: 112.78002 | N12: 126.67615 | O12: 140.82677 | P12: 155.27889 | Q12: 169.72977 | R12: 184.43068 | S12: 199.32481 | T12: 214.29323 | U12: 229.39694 | V12: 244.72176 | W12: 260.19662 | X12: 275.89236 | Y12: 291.69864 | Z12: 307.4747 | AA12: 323.21994 | AB12: 339.2598 | AC12: 355.59128 | AD12: 372.05179 | AE12: 388.33685 | AF12: 404.65564 | AG12: 420.94708 | AH12: 437.38049 | AI12: 454.03778 | AJ12: 0.106
A13: Hydrogen | B13: Transportation Energy Use: Light-Duty Vehicle: Hydrogen: Reference case | C13: AEO.2022.REF2022.CNSM_NA_TRN_LDTY_HDG_NA_NA_TRLBTU.A | D13: trillion Btu | F13: 0.364329 | G13: 0.488522 | H13: 0.616998 | I13: 0.74022 | J13: 0.872479 | K13: 1.015633 | L13: 1.169329 | M13: 1.334678 | N13: 1.512476 | O13: 1.703113 | P13: 1.906831 | Q13: 2.118942 | R13: 2.336719 | S13: 2.556305 | T13: 2.771652 | U13: 2.980006 | V13: 3.179381 | W13: 3.373616 | X13: 3.566084 | Y13: 3.755773 | Z13: 3.936488 | AA13: 4.11411 | AB13: 4.284466 | AC13: 4.447916 | AD13: 4.613708 | AE13: 4.775547 | AF13: 4.930737 | AG13: 5.077199 | AH13: 5.216175 | AI13: 5.34916 | AJ13: 0.097
A14: Commercial Light Trucks | B14: Transportation Energy Use: Commercial Light Trucks: Total: Reference case | C14: AEO.2022.REF2022.CNSM_NA_TRN_CLTR_NA_NA_NA_TRLBTU.A | D14: trillion Btu | F14: 888.32324 | G14: 907.55994 | H14: 915.29083 | I14: 914.74591 | J14: 917.48151 | K14: 917.95697 | L14: 914.71564 | M14: 913.13916 | N14: 912.94812 | O14: 913.61932 | P14: 914.89264 | Q14: 917.46625 | R14: 921.14697 | S14: 925.47864 | T14: 930.15088 | U14: 935.85309 | V14: 943.34344 | W14: 951.09039 | X14: 959.0044 | Y14: 967.11511 | Z14: 976.32758 | AA14: 985.92188 | AB14: 996.50324 | AC14: 1007.0494 | AD14: 1017.7684 | AE14: 1030.6396 | AF14: 1041.2025 | AG14: 1050.5197 | AH14: 1061.4022 | AI14: 1074.7676 | AJ14: 0.007
A15: Motor Gasoline excluding E85 | B15: Transportation Energy Use: Commercial Light Trucks: Motor Gasoline: Reference case | C15: AEO.2022.REF2022.CNSM_NA_TRN_CLTR_MGS_NA_NA_TRLBTU.A | D15: trillion Btu | F15: 614.34253 | G15: 633.80951 | H15: 644.77997 | I15: 648.86707 | J15: 655.23682 | K15: 658.69421 | L15: 656.84582 | M15: 655.41406 | N15: 654.60785 | O15: 654.20941 | P15: 654.01471 | Q15: 654.28638 | R15: 654.76337 | S15: 655.90241 | T15: 657.16144 | U15: 659.01703 | V15: 662.25061 | W15: 665.78479 | X15: 669.32996 | Y15: 673.3056 | Z15: 677.94336 | AA15: 682.89136 | AB15: 688.00507 | AC15: 692.85468 | AD15: 697.80652 | AE15: 703.93994 | AF15: 708.92059 | AG15: 713.17346 | AH15: 718.8125 | AI15: 726.34528 | AJ15: 0.006
A16: E85 | B16: Transportation Energy Use: Commercial Light Trucks: E85: Reference case | C16: AEO.2022.REF2022.CNSM_NA_TRN_CLTR_E85_NA_NA_TRLBTU.A | D16: trillion Btu | F16: 4.155274 | G16: 4.284658 | H16: 4.067299 | I16: 4.119037 | J16: 4.254629 | K16: 4.349106 | L16: 4.451936 | M16: 4.560194 | N16: 4.702108 | O16: 4.837161 | P16: 4.978152 | Q16: 5.147309 | R16: 5.409925 | S16: 5.518303 | T16: 5.756073 | U16: 6.163835 | V16: 6.542804 | W16: 6.854905 | X16: 7.263299 | Y16: 7.667057 | Z16: 8.08323 | AA16: 8.572512 | AB16: 9.043214 | AC16: 9.524003 | AD16: 10.04188 | AE16: 10.58123 | AF16: 11.160612 | AG16: 11.77282 | AH16: 12.428053 | AI16: 13.153334 | AJ16: 0.041
A17: Distillate Fuel Oil (diesel) | B17: Transportation Energy Use: Commercial Light Trucks: Distillate Fuel Oil: Reference case | C17: AEO.2022.REF2022.CNSM_NA_TRN_CLTR_DFO_NA_NA_TRLBTU.A | D17: trillion Btu | F17: 268.64252 | G17: 268.12509 | H17: 264.92746 | I17: 260.09613 | J17: 256.22021 | K17: 253.04927 | L17: 251.48712 | M17: 251.19589 | N17: 251.62778 | O17: 252.52042 | P17: 253.80428 | Q17: 255.89064 | R17: 258.78052 | S17: 261.8085 | T17: 264.9238 | U17: 268.2981 | V17: 272.1048 | W17: 275.9307 | X17: 279.81314 | Y17: 283.46228 | Z17: 287.53305 | AA17: 291.59744 | AB17: 296.49863 | AC17: 301.6178 | AD17: 306.76581 | AE17: 312.85645 | AF17: 317.75317 | AG17: 322.09628 | AH17: 326.56168 | AI17: 331.52713 | AJ17: 0.007
... A20: Electricity | B20: Transportation Energy Use: Commercial Light Trucks: Electricity: Reference case | C20: AEO.2022.REF2022.CNSM_NA_TRN_CLTR_ELC_NA_NA_TRLBTU.A | D20: trillion Btu | F20: 0.000599 | G20: 0.001165 | H20: 0.001684 | I20: 0.002142 | J20: 0.002549 | K20: 0.002929 | L20: 0.003218 | M20: 0.003396 | N20: 0.003566 | O20: 0.003724 | P20: 0.003869 | Q20: 0.004003 | R20: 0.004131 | S20: 0.004252 | T20: 0.004366 | U20: 0.004476 | V20: 0.004586 | W20: 0.004691 | X20: 0.00479 | Y20: 0.004885 | Z20: 0.004981 | AA20: 0.005077 | AB20: 0.005171 | AC20: 0.005258 | AD20: 0.005345 | AE20: 0.005435 | AF20: 0.005519 | AG20: 0.005595 | AH20: 0.00568 | AI20: 0.005779 | AJ20: 0.081
A21: Hydrogen | B21: Transportation Energy Use: Commercial Light Trucks: Hydrogen: Reference case | C21: AEO.2022.REF2022.CNSM_NA_TRN_CLTR_HDG_NA_NA_TRLBTU.A | D21: trillion Btu | F21: 0 | G21: 0 | H21: 0 | I21: 0 | J21: 0 | K21: 0 | L21: 0 | M21: 0 | N21: 0 | O21: 0 | P21: 0 | Q21: 0 | R21: 0 | S21: 0 | T21: 0 | U21: 0 | V21: 0 | W21: 0 | X21: 0 | Y21: 0 | Z21: 0 | AA21: 0 | AB21: 0 | AC21: 0 | AD21: 0 | AE21: 0 | AF21: 0 | AG21: 0 | AH21: 0 | AI21: 0 | AJ21: - -
A22: Freight Trucks | B22: Transportation Energy Use: Freight Trucks: Total: Reference case | C22: AEO.2022.REF2022.CNSM_NA_TRN_FRTT_NA_NA_NA_TRLBTU.A | D22: trillion Btu | F22: 5569.272 | G22: 5649.5098 | H22: 5670.958 | I22: 5665.5718 | J22: 5658.5767 | K22: 5631.4038 | L22: 5582.7319 | M22: 5544.0293 | N22: 5507.4683 | O22: 5466.3779 | P22: 5425.6216 | Q22: 5390.0796 | R22: 5360.4155 | S22: 5334.1704 | T22: 5316.8237 | U22: 5305.4541 | V22: 5305.1636 | W22: 5310.3726 | X22: 5318.4971 | Y22: 5330.4355 | Z22: 5350.3931 | AA22: 5378.4551 | AB22: 5406.6201 | AC22: 5437.1548 | AD22: 5469.4424 | AE22: 5506.4966 | AF22: 5534.5332 | AG22: 5554.2827 | AH22: 5588.2168 | AI22: 5636.1411 | AJ22: 0
A23: Motor Gasoline | B23: Transportation Energy Use: Freight Trucks: Motor Gasoline: Reference case | C23: AEO.2022.REF2022.CNSM_NA_TRN_FRTT_MGS_NA_NA_TRLBTU.A | D23: trillion Btu | F23: 542.42627 | G23: 542.14465 | H23: 538.33728 | I23: 534.45136 | J23: 532.07111 | K23: 530.26318 | L23: 528.9956 | M23: 531.24078 | N23: 535.62042 | O23: 540.57416 | P23: 546.10523 | Q23: 553.47821 | R23: 561.97144 | S23: 571.28845 | T23: 581.83612 | U23: 593.38824 | V23: 607.09888 | W23: 620.73407 | X23: 635.69977 | Y23: 651.12866 | Z23: 668.65381 | AA23: 687.60571 | AB23: 706.99609 | AC23: 727.34741 | AD23: 748.4187 | AE23: 770.70361 | AF23: 792.29974 | AG23: 813.28998 | AH23: 836.6059 | AI23: 861.77057 | AJ23: 0.016
A24: Distillate Fuel Oil (diesel) | B24: Transportation Energy Use: Freight Trucks: Distillate Fuel Oil: Reference case | C24: AEO.2022.REF2022.CNSM_NA_TRN_FRTT_DFO_NA_NA_TRLBTU.A | D24: trillion Btu | F24: 4976.6895 | G24: 5055.3877 | H24: 5079.8877 | I24: 5078.1099 | J24: 5073.4624 | K24: 5048.3701 | L24: 5001.4561 | M24: 4960.8745 | N24: 4920.23 | O24: 4874.4697 | P24: 4828.3608 | Q24: 4785.4204 | R24: 4746.9272 | S24: 4710.8579 | T24: 4682.1533 | U24: 4658.1377 | V24: 4642.6943 | W24: 4632.5137 | X24: 4623.5386 | Y24: 4617.4844 | Z24: 4616.8857 | AA24: 4622.5308 | AB24: 4627.5088 | AC24: 4633.4614 | AD24: 4639.9771 | AE24: 4649.436 | AF24: 4650.1777 | AG24: 4642.8535 | AH24: 4646.4609 | AI24: 4661.1558 | AJ24: -0.002
A25: Compressed/Liquefied Natural Gas | B25: Transportation Energy Use: Freight Trucks: Natural Gas: Reference case | C25: AEO.2022.REF2022.CNSM_NA_TRN_FRTT_NG_NA_NA_TRLBTU.A | D25: trillion Btu | F25: 46.997395 | G25: 48.367188 | H25: 48.840889 | I25: 48.74155 | J25: 48.394592 | K25: 47.769527 | L25: 46.945366 | M25: 46.237301 | N25: 45.587303 | O25: 44.96122 | P25: 44.450096 | Q25: 44.134995 | R25: 44.093452 | S25: 44.283028 | T25: 44.730705 | U25: 45.414246 | V25: 46.434826 | W25: 47.786713 | X25: 49.478348 | Y25: 51.58585 | Z25: 54.127968 | AA25: 57.057159 | AB25: 60.303585 | AC25: 63.959396 | AD25: 68.052475 | AE25: 72.714104 | AF25: 77.7491 | AG25: 83.156769 | AH25: 89.427292 | AI25: 96.668953 | AJ25: 0.025
A26: Propane | B26: Transportation Energy Use: Freight Trucks: Propane: Reference case | C26: AEO.2022.REF2022.CNSM_NA_TRN_FRTT_LPG_NA_NA_TRLBTU.A | D26: trillion Btu | F26: 1.32431 | G26: 1.516086 | H26: 1.693313 | I26: 1.858618 | J26: 2.019209 | K26: 2.170954 | L26: 2.309936 | M26: 2.449819 | N26: 2.586339 | O26: 2.718326 | P26: 2.847773 | Q26: 2.97952 | R26: 3.120154 | S26: 3.268721 | T26: 3.420891 | U26: 3.578955 | V26: 3.74791 | W26: 3.923865 | X26: 4.1086 | Y26: 4.306937 | Z26: 4.521364 | AA26: 4.745323 | AB26: 4.973422 | AC26: 5.208405 | AD26: 5.453148 | AE26: 5.71377 | AF26: 5.975675 | AG26: 6.24002 | AH26: 6.526022 | AI26: 6.844849 | AJ26: 0.058
A27: E85 | B27: Transportation Energy Use: Freight Trucks: E85: Reference case | C27: AEO.2022.REF2022.CNSM_NA_TRN_FRTT_E85_NA_NA_TRLBTU.A | D27: trillion Btu | F27: 1.578584 | G27: 1.642083 | H27: 1.553122 | I27: 1.577604 | J27: 1.609871 | K27: 1.626797 | L27: 1.643733 | M27: 1.666846 | N27: 1.701852 | O27: 1.731637 | P27: 1.755515 | Q27: 1.785379 | R27: 1.843507 | S27: 1.834945 | T27: 1.866902 | U27: 1.937917 | V27: 2.001478 | W27: 2.032615 | X27: 2.086836 | Y27: 2.140472 | Z27: 2.20067 | AA27: 2.28822 | AB27: 2.378492 | AC27: 2.480037 | AD27: 2.59565 | AE27: 2.721506 | AF27: 2.859957 | AG27: 3.007593 | AH27: 3.170683 | AI27: 3.352364 | AJ27: 0.026
A28: Electricity | B28: Transportation Energy Use: Freight Trucks: Electricity: Reference case | C28: AEO.2022.REF2022.CNSM_NA_TRN_FRTT_ELC_NA_NA_TRLBTU.A | D28: trillion Btu | F28: 0.076538 | G28: 0.0902 | H28: 0.103405 | I28: 0.116059 | J28: 0.128395 | K28: 0.139881 | L28: 0.150332 | M28: 0.160529 | N28: 0.170161 | O28: 0.178865 | P28: 0.186878 | Q28: 0.194448 | R28: 0.201614 | S28: 0.208663 | T28: 0.216228 | U28: 0.22417 | V28: 0.233181 | W28: 0.243578 | X28: 0.254226 | Y28: 0.264695 | Z28: 0.276457 | AA28: 0.289807 | AB28: 0.303845 | AC28: 0.317731 | AD28: 0.332038 | AE28: 0.3472 | AF28: 0.362384 | AG28: 0.377662 | AH28: 0.394599 | AI28: 0.413193 | AJ28: 0.06
A29: Hydrogen | B29: Transportation Energy Use: Freight Trucks: Hydrogen: Reference case | C29: AEO.2022.REF2022.CNSM_NA_TRN_FRTT_HDG_NA_NA_TRLBTU.A | D29: trillion Btu | F29: 0.179523 | G29: 0.362136 | H29: 0.542067 | I29: 0.717205 | J29: 0.891104 | K29: 1.063266 | L29: 1.231057 | M29: 1.39991 | N29: 1.571826 | O29: 1.743975 | P29: 1.915688 | Q29: 2.087047 | R29: 2.258369 | S29: 2.42854 | T29: 2.599976 | U29: 2.773206 | V29: 2.952922 | W29: 3.138437 | X29: 3.330755 | Y29: 3.524275 | Z29: 3.726855 | AA29: 3.938071 | AB29: 4.155744 | AC29: 4.380511 | AD29: 4.613617 | AE29: 4.860587 | AF29: 5.108519 | AG29: 5.357071 | AH29: 5.631607 | AI29: 5.935609 | AJ29: 0.128
A30: Freight Rail | B30: Transportation Energy Use: Freight Rail: Total: Reference case | C30: AEO.2022.REF2022.CNSM_NA_TRN_FRAIL_NA_NA_NA_TRLBTU.A | D30: trillion Btu | F30: 468.24884 | G30: 471.07889 | H30: 474.2413 | I30: 442.51971 | J30: 448.95673 | K30: 457.64755 | L30: 456.7038 | M30: 455.44904 | N30: 453.94357 | O30: 453.6109 | P30: 453.71829 | Q30: 453.83826 | R30: 454.42358 | S30: 449.77661 | T30: 447.98791 | U30: 443.34918 | V30: 443.77777 | W30: 443.31897 | X30: 442.87756 | Y30: 441.74304 | Z30: 441.23618 | AA30: 441.40057 | AB30: 440.0022 | AC30: 438.08722 | AD30: 437.03345 | AE30: 436.8085 | AF30: 435.68884 | AG30: 435.13898 | AH30: 435.12531 | AI30: 437.26294 | AJ30: -0.002
A31: Distillate Fuel Oil (diesel) | B31: Transportation Energy Use: Freight Rail: Distillate Fuel Oil: Reference case | C31: AEO.2022.REF2022.CNSM_NA_TRN_FRAIL_DFO_NA_NA_TRLBTU.A | D31: trillion Btu | F31: 466.74658 | G31: 468.06 | H31: 469.18506 | I31: 435.45905 | J31: 437.88919 | K31: 440.86505 | L31: 433.00037 | M31: 423.47861 | N31: 412.46298 | O31: 402.75726 | P31: 393.64819 | Q31: 384.74283 | R31: 376.41165 | S31: 364.01321 | T31: 354.24576 | U31: 342.53299 | V31: 334.9964 | W31: 326.97082 | X31: 319.14972 | Y31: 311.02734 | Z31: 303.5415 | AA31: 296.68662 | AB31: 288.96017 | AC31: 281.10062 | AD31: 273.98956 | AE31: 267.56451 | AF31: 260.75458 | AG31: 254.44952 | AH31: 248.60281 | AI31: 244.0914 | AJ31: -0.022
A32: Residual Fuel Oil | B32: Transportation Energy Use: Freight Rail: Residual Fuel Oil: Reference case | C32: AEO.2022.REF2022.CNSM_NA_TRN_FRAIL_RFO_NA_NA_TRLBTU.A | D32: trillion Btu | F32: 0 | G32: 0 | H32: 0 | I32: 0 | J32: 0 | K32: 0 | L32: 0 | M32: 0 | N32: 0 | O32: 0 | P32: 0 | Q32: 0 | R32: 0 | S32: 0 | T32: 0 | U32: 0 | V32: 0 | W32: 0 | X32: 0 | Y32: 0 | Z32: 0 | AA32: 0 | AB32: 0 | AC32: 0 | AD32: 0 | AE32: 0 | AF32: 0 | AG32: 0 | AH32: 0 | AI32: 0 | AJ32: - -
A33: Compressed Natural Gas | B33: Transportation Energy Use: Freight Rail: CNG: Reference case | C33: AEO.2022.REF2022.CNSM_NA_TRN_FRAIL_CNG_NA_NA_TRLBTU.A | D33: trillion Btu | F33: 0 | G33: 0 | H33: 0 | I33: 0 | J33: 0 | K33: 0 | L33: 0 | M33: 0 | N33: 0 | O33: 0 | P33: 0 | Q33: 0 | R33: 0 | S33: 0 | T33: 0 | U33: 0 | V33: 0 | W33: 0 | X33: 0 | Y33: 0 | Z33: 0 | AA33: 0 | AB33: 0 | AC33: 0 | AD33: 0 | AE33: 0 | AF33: 0 | AG33: 0 | AH33: 0 | AI33: 0 | AJ33: - -
A34: Liquefied Natural Gas | B34: Transportation Energy Use: Freight Rail: LNG: Reference case | C34: AEO.2022.REF2022.CNSM_NA_TRN_FRAIL_LNG_NA_NA_TRLBTU.A | D34: trillion Btu | F34: 1.502254 | G34: 3.018894 | H34: 5.056238 | I34: 7.060656 | J34: 11.067543 | K34: 16.782509 | L34: 23.703421 | M34: 31.97044 | N34: 41.480579 | O34: 50.853653 | P34: 60.070095 | Q34: 69.095436 | R34: 78.011948 | S34: 85.763397 | T34: 93.742142 | U34: 100.81621 | V34: 108.78138 | W34: 116.34815 | X34: 123.72786 | Y34: 130.71568 | Z34: 137.69467 | AA34: 144.71394 | AB34: 151.04201 | AC34: 156.98659 | AD34: 163.04388 | AE34: 169.24399 | AF34: 174.93425 | AG34: 180.68945 | AH34: 186.52249 | AI34: 193.17152 | AJ34: 0.182
A35: Domestic Shipping | B35: Transportation Energy Use: Domestic Shipping: Total: Reference case | C35: AEO.2022.REF2022.CNSM_NA_TRN_DMT_NA_NA_NA_TRLBTU.A | D35: trillion Btu | F35: 75.169693 | G35: 77.553368 | H35: 76.937828 | I35: 74.883781 | J35: 73.008736 | K35: 70.952271 | L35: 68.639519 | M35: 66.460136 | N35: 64.220459 | O35: 62.007294 | P35: 60.828522 | Q35: 59.650131 | R35: 58.55489 | S35: 57.362953 | T35: 56.156143 | U35: 54.998363 | V35: 53.933727 | W35: 52.840008 | X35: 51.828865 | Y35: 50.803616 | Z35: 50.346043 | AA35: 49.869534 | AB35: 49.358772 | AC35: 48.884739 | AD35: 48.413406 | AE35: 47.972458 | AF35: 47.419342 | AG35: 46.793991 | AH35: 46.348915 | AI35: 46.08128 | AJ35: -0.017
A36: Distillate Fuel Oil (diesel) | B36: Transportation Energy Use: Domestic Shipping: Distillate Fuel Oil: Reference case | C36: AEO.2022.REF2022.CNSM_NA_TRN_DMT_DFO_NA_NA_TRLBTU.A | D36: trillion Btu | F36: 73.017258 | G36: 75.43763 | H36: 74.942642 | I36: 72.962173 | J36: 71.154541 | K36: 69.167183 | L36: 66.929718 | M36: 64.821083 | N36: 62.652237 | O36: 60.509068 | P36: 59.375099 | Q36: 58.240456 | R36: 57.186783 | S36: 56.037548 | T36: 54.872925 | U36: 53.753525 | V36: 52.725826 | W36: 51.671089 | X36: 50.697575 | Y36: 49.681942 | Z36: 49.175785 | AA36: 48.648247 | AB36: 48.084274 | AC36: 47.552925 | AD36: 47.020828 | AE36: 46.514626 | AF36: 45.895981 | AG36: 45.203903 | AH36: 44.682087 | AI36: 44.32645 | AJ36: -0.017
A37: Residual Oil | B37: Transportation Energy Use: Domestic Shipping: Residual Oil: Reference case | C37: AEO.2022.REF2022.CNSM_NA_TRN_DMT_RFO_NA_NA_TRLBTU.A | D37: trillion Btu | F37: 1.711486 | G37: 1.612848 | H37: 1.449502 | I37: 1.347504 | J37: 1.253208 | K37: 1.165382 | L37: 1.073898 | M37: 0.988572 | N37: 0.906272 | O37: 0.82484 | P37: 0.757543 | Q37: 0.693527 | R37: 0.630925 | S37: 0.570727 | T37: 0.513567 | U37: 0.465084 | V37: 0.415129 | W37: 0.360518 | X37: 0.304753 | Y37: 0.255763 | Z37: 0.253377 | AA37: 0.250878 | AB37: 0.248245 | AC37: 0.245804 | AD37: 0.243378 | AE37: 0.241104 | AF37: 0.238295 | AG37: 0.235113 | AH37: 0.232824 | AI37: 0.231458 | AJ37: -0.067
A38: Compressed Natural Gas | B38: Transportation Energy Use: Domestic Shipping: CNG: Reference case | C38: AEO.2022.REF2022.CNSM_NA_TRN_DMT_CNG_NA_NA_TRLBTU.A | D38: trillion Btu | F38: 0 | G38: 0 | H38: 0 | I38: 0 | J38: 0 | K38: 0 | L38: 0 | M38: 0 | N38: 0 | O38: 0 | P38: 0 | Q38: 0 | R38: 0 | S38: 0 | T38: 0 | U38: 0 | V38: 0 | W38: 0 | X38: 0 | Y38: 0 | Z38: 0 | AA38: 0 | AB38: 0 | AC38: 0 | AD38: 0 | AE38: 0 | AF38: 0 | AG38: 0 | AH38: 0 | AI38: 0 | AJ38: - -
A39: Liquefied Natural Gas | B39: Transportation Energy Use: Domestic Shipping: LNG: Reference case | C39: AEO.2022.REF2022.CNSM_NA_TRN_DMT_LNG_NA_NA_TRLBTU.A | D39: trillion Btu | F39: 0.440946 | G39: 0.502889 | H39: 0.545682 | I39: 0.574101 | J39: 0.600979 | K39: 0.619705 | L39: 0.635901 | M39: 0.650484 | N39: 0.661953 | O39: 0.673384 | P39: 0.69588 | Q39: 0.71615 | R39: 0.737184 | S39: 0.754678 | T39: 0.769649 | U39: 0.779756 | V39: 0.792776 | W39: 0.8084 | X39: 0.826538 | Y39: 0.86591 | Z39: 0.916883 | AA39: 0.970409 | AB39: 1.026252 | AC39: 1.086009 | AD39: 1.149202 | AE39: 1.216726 | AF39: 1.28507 | AG39: 1.354975 | AH39: 1.434007 | AI39: 1.523373 | AJ39: 0.044
A40: International Shipping | B40: Transportation Energy Use: International Shipping: Total: Reference case | C40: AEO.2022.REF2022.CNSM_NA_TRN_INTS_NA_NA_NA_TRLBTU.A | D40: trillion Btu | F40: 927.45136 | G40: 990.02081 | H40: 884.05951 | I40: 884.70709 | J40: 887.06122 | K40: 885.4176 | L40: 881.61273 | M40: 880.34259 | N40: 880.76929 | O40: 879.92975 | P40: 884.78595 | Q40: 884.65515 | R40: 885.21844 | S40: 886.28894 | T40: 887.35193 | U40: 889.09479 | V40: 891.03912 | W40: 890.64679 | X40: 892.27448 | Y40: 887.78131 | Z40: 886.33569 | AA40: 884.98419 | AB40: 881.27643 | AC40: 879.00165 | AD40: 879.11548 | AE40: 878.01025 | AF40: 877.70593 | AG40: 878.74402 | AH40: 879.32208 | AI40: 880.51599 | AJ40: -0.002
A41: Distillate Fuel Oil (diesel) | B41: Transportation Energy Use: International Shipping: Distillate Fuel Oil: Reference case | C41: AEO.2022.REF2022.CNSM_NA_TRN_INTS_DFO_NA_NA_TRLBTU.A | D41: trillion Btu | F41: 351.65613 | G41: 238.17157 | H41: 341.4967 | I41: 337.37943 | J41: 332.16565 | K41: 331.91504 | L41: 335.1326 | M41: 337.8432 | N41: 338.74854 | O41: 341.15497 | P41: 339.24258 | Q41: 339.37772 | R41: 339.98929 | S41: 339.5152 | T41: 338.44873 | U41: 336.323 | V41: 333.43384 | W41: 333.31323 | X41: 332.17944 | Y41: 334.76267 | Z41: 335.45148 | AA41: 336.63208 | AB41: 337.4317 | AC41: 336.0545 | AD41: 335.15738 | AE41: 333.87555 | AF41: 333.81549 | AG41: 333.91773 | AH41: 334.09485 | AI41: 334.64166 | AJ41: -0.002
A42: Residual Oil | B42: Transportation Energy Use: International Shipping: Residual Oil: Reference case | C42: AEO.2022.REF2022.CNSM_NA_TRN_INTS_RFO_NA_NA_TRLBTU.A | D42: trillion Btu | F42: 535.95062 | G42: 727.49896 | H42: 503.42859 | I42: 502.77362 | J42: 507.00458 | K42: 500.63663 | L42: 488.62952 | M42: 483.53586 | N42: 482.90744 | O42: 478.91043 | P42: 490.33029 | Q42: 488.39151 | R42: 488.33118 | S42: 489.60312 | T42: 490.94711 | U42: 494.14856 | V42: 497.88388 | W42: 495.3414 | X42: 498.27637 | Y42: 484.67297 | Z42: 479.24039 | AA42: 474.04071 | AB42: 462.37161 | AC42: 454.59134 | AD42: 453.27035 | AE42: 448.61398 | AF42: 446.11673 | AG42: 447.29938 | AH42: 447.15524 | AI42: 448.56525 | AJ42: -0.006
A43: Compressed Natural Gas | B43: Transportation Energy Use: International Shipping: CNG: Reference case | C43: AEO.2022.REF2022.CNSM_NA_TRN_INTS_CNG_NA_NA_TRLBTU.A | D43: trillion Btu | F43: 0 | G43: 0 | H43: 0 | I43: 0 | J43: 0 | K43: 0 | L43: 0 | M43: 0 | N43: 0 | O43: 0 | P43: 0 | Q43: 0 | R43: 0 | S43: 0 | T43: 0 | U43: 0 | V43: 0 | W43: 0 | X43: 0 | Y43: 0 | Z43: 0 | AA43: 0 | AB43: 0 | AC43: 0 | AD43: 0 | AE43: 0 | AF43: 0 | AG43: 0 | AH43: 0 | AI43: 0 | AJ43: - -
A44: Liquefied Natural Gas | B44: Transportation Energy Use: International Shipping: LNG: Reference case | C44: AEO.2022.REF2022.CNSM_NA_TRN_INTS_LNG_NA_NA_TRLBTU.A | D44: trillion Btu | F44: 39.844612 | G44: 24.350292 | H44: 39.134216 | I44: 44.554016 | J44: 47.891014 | K44: 52.865997 | L44: 57.850662 | M44: 58.963535 | N44: 59.113274 | O44: 59.864296 | P44: 55.213051 | Q44: 56.885941 | R44: 56.898018 | S44: 57.170631 | T44: 57.956055 | U44: 58.623234 | V44: 59.721397 | W44: 61.992119 | X44: 61.818676 | Y44: 68.345634 | Z44: 71.643829 | AA44: 74.311394 | AB44: 81.473068 | AC44: 88.355774 | AD44: 90.687775 | AE44: 95.520767 | AF44: 97.773712 | AG44: 97.526932 | AH44: 98.071976 | AI44: 97.309059 | AJ44: 0.031
A45: Air Transportation | B45: Transportation Energy Use: Air: Total: Reference case | C45: AEO.2022.REF2022.CNSM_NA_TRN_AIR_NA_NA_NA_TRLBTU.A | D45: trillion Btu | F45: 2296.1611 | G45: 2683.6514 | H45: 2951.1182 | I45: 3034.7095 | J45: 3111.6897 | K45: 3173.9924 | L45: 3213.9558 | M45: 3252.0552 | N45: 3293.8455 | O45: 3340.3572 | P45: 3377.2759 | Q45: 3393.4851 | R45: 3431.1589 | S45: 3465.1965 | T45: 3501.5168 | U45: 3538.3811 | V45: 3580.7087 | W45: 3619.1711 | X45: 3663.6863 | Y45: 3712.9866 | Z45: 3753.7878 | AA45: 3799.3938 | AB45: 3847.1995 | AC45: 3892.5244 | AD45: 3945.7468 | AE45: 3999.0383 | AF45: 4045.6614 | AG45: 4090.9534 | AH45: 4144.0703 | AI45: 4203.2158 | AJ45: 0.021
